"SAMPLE_NAME","LAKE_ID","SAMPLE_ID","LOCATION_ID","SAMPLE_DATE","TIME","START_DEPTH","END_DEPTH","Characteristic.Name","Result.Value","Result.Unit","Result.Sample.Fraction","VALIDATOR_QUALIFIERS","INTERPRETED_QUALIFIERS","Depth","WATER","Waterbody_Classification","INFO_TYPE","DATA_PROVIDER"
"18BLK001","0801BUG0789",59133,"0801BUG0789_DH",2018-06-27,"9:45 AM",".05","15.02","DISK, SECCHI DISK DEPTH",4.75,"m",NA,NA,"",NA,"Bug Lake","AAT","DP","LCI"
"18BLK001","0801BUG0789",59133,"0801BUG0789_DH",2018-06-27,"9:45 AM",".05","15.02","DISK, SECCHI DISK DEPTH",4.75,"m",NA,NA,"",NA,"Bug Lake","AAT","OW","LCI"
"18BLK001_SD","0801BUG0789",58797,"0801BUG0789_DH",2018-06-27,"9:45 AM","","","DISK, SECCHI DISK DEPTH",4.75,"m",NA,NA,"",NA,"Bug Lake","AAT","SD","LCI"
"18BLK003","0801EIG0790",59122,"0801EIG0790_DH",2018-06-27,"12:00 PM",".04","14.82","DISK, SECCHI DISK DEPTH",4.7,"m",NA,NA,"",NA,"Eighth Lake","AT","DP","LCI"
"18BLK003","0801EIG0790",59122,"0801EIG0790_DH",2018-06-27,"12:00 PM",".04","14.82","DISK, SECCHI DISK DEPTH",4.7,"m",NA,NA,"",NA,"Eighth Lake","AT","OW","LCI"
"18BLK003_SD","0801EIG0790",58798,"0801EIG0790_DH",2018-06-27,"12:00 PM","","","DISK, SECCHI DISK DEPTH",4.7,"m",NA,NA,"",NA,"Eighth Lake","AT","SD","LCI"
"18BLK005","0801LON0922",59160,"0801LON0922_DH",2018-06-26,"12:30 PM",".08","7.46","DISK, SECCHI DISK DEPTH",2.8,"m",NA,NA,"",NA,"Long Lake","CT","OW","LCI"
"18BLK005_SD","0801LON0922",58799,"0801LON0922_DH",2018-06-26,"12:30 PM","","","DISK, SECCHI DISK DEPTH",2.8,"m",NA,NA,"",NA,"Long Lake","CT","SD","LCI"
"18BLK007","0903LBR0316",59108,"0903LBR0316_DH",2018-06-27,"1:50 PM",".02","4.96","DISK, SECCHI DISK DEPTH",2.8,"m",NA,NA,"",NA,"Lower Browns Tract Pond"," ","OW","LCI"
"18BLK007_SD","0903LBR0316",58800,"0903LBR0316_DH",2018-06-27,"1:50 PM","","","DISK, SECCHI DISK DEPTH",2.8,"m",NA,NA,"",NA,"Lower Browns Tract Pond"," ","SD","LCI"
"18BLK011","0801WHE5670",58996,"0801WHE5670_DH",2018-06-26,"10:50 AM","0","2","DISK, SECCHI DISK DEPTH",1.1,"m",NA,NA,"",NA,"Whetstone Marsh Pond","BT","OW","LCI"
"18BLK011_SD","0801WHE5670",58801,"0801WHE5670_DH",2018-06-26,"10:50 AM","","","DISK, SECCHI DISK DEPTH",1.1,"m",NA,NA,"",NA,"Whetstone Marsh Pond","BT","SD","LCI"
"18BLK013","0801WOO0982",59106,"0801WOO0982_DH",2018-06-26,"2:20 PM",".01","18.29","DISK, SECCHI DISK DEPTH",4.1,"m",NA,NA,"",NA,"Woodhull Lake","BT","OW","LCI"
"18BLK013","0801WOO0982",59106,"0801WOO0982_DH",2018-06-26,"2:20 PM",".01","18.29","DISK, SECCHI DISK DEPTH",4.1,"m",NA,NA,"",NA,"Woodhull Lake","BT","DP","LCI"
"18BLK013_SD","0801WOO0982",58802,"0801WOO0982_DH",2018-06-26,"2:20 PM","","","DISK, SECCHI DISK DEPTH",4.1,"m",NA,NA,"",NA,"Woodhull Lake","BT","SD","LCI"
"18BLK101","0801BUG0789",59149,"0801BUG0789_DH",2018-07-24,"8:30 AM",".06","20.05","DISK, SECCHI DISK DEPTH",5.6,"m",NA,NA,"",NA,"Bug Lake","AAT","OW","LCI"
"18BLK101_SD","0801BUG0789",58803,"0801BUG0789_DH",2018-07-24,"8:30 AM","","","DISK, SECCHI DISK DEPTH",5.6,"m",NA,NA,"",NA,"Bug Lake","AAT","SD","LCI"
"18BLK103","0801EIG0790",59161,"0801EIG0790_DH",2018-07-24,"10:50 AM",".08","23.4","DISK, SECCHI DISK DEPTH",3.6,"m",NA,NA,"",NA,"Eighth Lake","AT","OW","LCI"
"18BLK103_SD","0801EIG0790",58804,"0801EIG0790_DH",2018-07-24,"10:50 AM","","","DISK, SECCHI DISK DEPTH",3.6,"m",NA,NA,"",NA,"Eighth Lake","AT","SD","LCI"
"18BLK105","0801LON0922",59123,"0801LON0922_DH",2018-07-23,"12:50 PM",".04","7.03","DISK, SECCHI DISK DEPTH",2.9,"m",NA,NA,"",NA,"Long Lake","CT","OW","LCI"
"18BLK105_SD","0801LON0922",58805,"0801LON0922_DH",2018-07-23,"12:50 PM","","","DISK, SECCHI DISK DEPTH",2.9,"m",NA,NA,"",NA,"Long Lake","CT","SD","LCI"
"18BLK107","0903LBR0316",59109,"0903LBR0316_DH",2018-07-24,"2:17 PM",".02","8.77","DISK, SECCHI DISK DEPTH",2,"m",NA,NA,"",NA,"Lower Browns Tract Pond"," ","OW","LCI"
"18BLK107_SD","0903LBR0316",58806,"0903LBR0316_DH",2018-07-24,"2:17 PM","","","DISK, SECCHI DISK DEPTH",2,"m",NA,NA,"",NA,"Lower Browns Tract Pond"," ","SD","LCI"
"18BLK111","0801WHE5670",59117,"0801WHE5670_DH",2018-07-23,"10:30 AM",".03","2.0299999999999998","DISK, SECCHI DISK DEPTH",1.2,"m",NA,NA,"",NA,"Whetstone Marsh Pond","BT","OW","LCI"
"18BLK111_SD","0801WHE5670",58807,"0801WHE5670_DH",2018-07-23,"10:30 AM","","","DISK, SECCHI DISK DEPTH",1.2,"m",NA,NA,"",NA,"Whetstone Marsh Pond","BT","SD","LCI"
"18BLK113","0801WOO0982",59162,"0801WOO0982_DH",2018-07-23,"3:20 PM",".08","17.36","DISK, SECCHI DISK DEPTH",3.5,"m",NA,NA,"",NA,"Woodhull Lake","BT","OW","LCI"
"18BLK113_SD","0801WOO0982",58808,"0801WOO0982_DH",2018-07-23,"3:20 PM","","","DISK, SECCHI DISK DEPTH",3.5,"m",NA,NA,"",NA,"Woodhull Lake","BT","SD","LCI"
"18BLK201","0801BUG0789",59164,"0801BUG0789_DH",2018-08-22,"9:15 AM",".1","21","DISK, SECCHI DISK DEPTH",4.4,"m",NA,NA,"",NA,"Bug Lake","AAT","OW","LCI"
"18BLK201_SD","0801BUG0789",58809,"0801BUG0789_DH",2018-08-22,"9:15 AM","","","DISK, SECCHI DISK DEPTH",4.4,"m",NA,NA,"",NA,"Bug Lake","AAT","SD","LCI"
"18BLK203","0801EIG0790",59165,"0801EIG0790_DH",2018-08-22,"12:30 PM",".1","22.8","DISK, SECCHI DISK DEPTH",5.1,"m",NA,NA,"",NA,"Eighth Lake","AT","OW","LCI"
"18BLK203_SD","0801EIG0790",58810,"0801EIG0790_DH",2018-08-22,"12:30 PM","","","DISK, SECCHI DISK DEPTH",5.1,"m",NA,NA,"",NA,"Eighth Lake","AT","SD","LCI"
"18BLK205","0801LON0922",59166,"0801LON0922_DH",2018-08-21,"12:10 PM",".1","7","DISK, SECCHI DISK DEPTH",2.8,"m",NA,NA,"",NA,"Long Lake","CT","OW","LCI"
"18BLK205_SD","0801LON0922",58811,"0801LON0922_DH",2018-08-21,"12:10 PM","","","DISK, SECCHI DISK DEPTH",2.8,"m",NA,NA,"",NA,"Long Lake","CT","SD","LCI"
"18BLK207","0903LBR0316",59167,"0903LBR0316_DH",2018-08-22,"2:50 PM",".1","6.8","DISK, SECCHI DISK DEPTH",2.5,"m",NA,NA,"",NA,"Lower Browns Tract Pond"," ","OW","LCI"
"18BLK207_SD","0903LBR0316",58812,"0903LBR0316_DH",2018-08-22,"2:50 PM","","","DISK, SECCHI DISK DEPTH",2.5,"m",NA,NA,"",NA,"Lower Browns Tract Pond"," ","SD","LCI"
"18BLK211","0801WHE5670",59168,"0801WHE5670_DH",2018-08-21,"10:00 AM",".1","3","DISK, SECCHI DISK DEPTH",1.1,"m",NA,NA,"",NA,"Whetstone Marsh Pond","BT","OW","LCI"
"18BLK211_SD","0801WHE5670",58813,"0801WHE5670_DH",2018-08-21,"10:00 AM","","","DISK, SECCHI DISK DEPTH",1.1,"m",NA,NA,"",NA,"Whetstone Marsh Pond","BT","SD","LCI"
"18BLK213","0801WOO0982",59169,"0801WOO0982_DH",2018-08-21,"2:30 PM",".1","17.600000000000001","DISK, SECCHI DISK DEPTH",4.2,"m",NA,NA,"",NA,"Woodhull Lake","BT","OW","LCI"
"18BLK213_SD","0801WOO0982",58814,"0801WOO0982_DH",2018-08-21,"2:30 PM","","","DISK, SECCHI DISK DEPTH",4.2,"m",NA,NA,"",NA,"Woodhull Lake","BT","SD","LCI"
"18BLK301","0801BUG0789",59170,"0801BUG0789_DH",2018-09-17,"10:40 AM",".1","24","DISK, SECCHI DISK DEPTH",5.6,"m",NA,NA,"",NA,"Bug Lake","AAT","OW","LCI"
"18BLK301_SD","0801BUG0789",58815,"0801BUG0789_DH",2018-09-17,"10:40 AM","","","DISK, SECCHI DISK DEPTH",5.6,"m",NA,NA,"",NA,"Bug Lake","AAT","SD","LCI"
"18BLK303","0801EIG0790",59189,"0801EIG0790_DH",2018-09-17,"12:35 PM",".2","22","DISK, SECCHI DISK DEPTH",6.8,"m",NA,NA,"",NA,"Eighth Lake","AT","OW","LCI"
"18BLK303_SD","0801EIG0790",58816,"0801EIG0790_DH",2018-09-17,"12:35 PM","","","DISK, SECCHI DISK DEPTH",6.8,"m",NA,NA,"",NA,"Eighth Lake","AT","SD","LCI"
"18BLK305","0801LON0922",59191,"0801LON0922_DH",2018-09-18,"10:08 AM",".3","8","DISK, SECCHI DISK DEPTH",2.9,"m",NA,NA,"",NA,"Long Lake","CT","OW","LCI"
"18BLK305_SD","0801LON0922",58817,"0801LON0922_DH",2018-09-18,"10:08 AM","","","DISK, SECCHI DISK DEPTH",2.9,"m",NA,NA,"",NA,"Long Lake","CT","SD","LCI"
"18BLK307","0903LBR0316",59192,"0903LBR0316_DH",2018-09-17,"3:10 PM",".3","8","DISK, SECCHI DISK DEPTH",3.6,"m",NA,NA,"",NA,"Lower Browns Tract Pond"," ","OW","LCI"
"18BLK307_SD","0903LBR0316",58818,"0903LBR0316_DH",2018-09-17,"3:10 PM","","","DISK, SECCHI DISK DEPTH",3.6,"m",NA,NA,"",NA,"Lower Browns Tract Pond"," ","SD","LCI"
"18BLK311","0801WHE5670",59171,"0801WHE5670_DH",2018-09-18,"11:53 AM",".1","2","DISK, SECCHI DISK DEPTH",1.4,"m",NA,NA,"",NA,"Whetstone Marsh Pond","BT","OW","LCI"
"18BLK311_SD","0801WHE5670",58819,"0801WHE5670_DH",2018-09-18,"11:53 AM","","","DISK, SECCHI DISK DEPTH",1.4,"m",NA,NA,"",NA,"Whetstone Marsh Pond","BT","SD","LCI"
"18BLK313","0801WOO0982",59193,"0801WOO0982_DH",2018-09-18,"8:15 AM",".3","17.5","DISK, SECCHI DISK DEPTH",6.4,"m",NA,NA,"",NA,"Woodhull Lake","BT","OW","LCI"
"18BLK313_SD","0801WOO0982",58820,"0801WOO0982_DH",2018-09-18,"8:15 AM","","","DISK, SECCHI DISK DEPTH",6.4,"m",NA,NA,"",NA,"Woodhull Lake","BT","SD","LCI"
"18CMG001","0501UWB5107",58997,"0501UWB5107_DH",2018-06-12,"2:55 PM","0","3","DEPTH, SECCHI DISK DEPTH",1.1,"m",NA,NA,"",NA,"Amelia Pond","C","OW","LCI"
"18CMG001_SD","0501UWB5107",58821,"0501UWB5107_DH",2018-06-12,"2:55 PM","","","DEPTH, SECCHI DISK DEPTH",1.1,"m",NA,NA,"",NA,"Amelia Pond","C","SD","LCI"
"18CMG003","0502BIR5140",58998,"0502BIR5140_DH",2018-06-12,"4:51 PM","0","2.5","DEPTH, SECCHI DISK DEPTH",0.93,"m",NA,NA,"",NA,"Birdseye Hollow Lake","C","OW","LCI"
"18CMG003_SD","0502BIR5140",58822,"0502BIR5140_DH",2018-06-12,"4:51 PM","","","DEPTH, SECCHI DISK DEPTH",0.93,"m",NA,NA,"",NA,"Birdseye Hollow Lake","C","SD","LCI"
"18CMG005","0503ERW0023B",58999,"0503ERW0023B_DH",2018-06-13,"8:10 AM","0","4","DEPTH, SECCHI DISK DEPTH",2.7,"m",NA,NA,"",NA,"Erwin Pond","CT","OW","LCI"
"18CMG005_SD","0503ERW0023B",58823,"0503ERW0023B_DH",2018-06-13,"8:10 AM","","","DEPTH, SECCHI DISK DEPTH",2.7,"m",NA,NA,"",NA,"Erwin Pond","CT","SD","LCI"
"18CMG007","0501LOW0021",59000,"0501LOW0021_DH",2018-06-12,"1:25 PM","0","1.5","DEPTH, SECCHI DISK DEPTH",0.9,"m",NA,NA,"",NA,"Lowe Pond","C","OW","LCI"
"18CMG007_SD","0501LOW0021",58824,"0501LOW0021_DH",2018-06-12,"1:25 PM","","","DEPTH, SECCHI DISK DEPTH",0.9,"m",NA,NA,"",NA,"Lowe Pond","C","SD","LCI"
"18CMG009","0503UWB5183",59001,"0503UWB5183_DH",2018-06-13,"9:50 AM","0","3","DEPTH, SECCHI DISK DEPTH",2.42,"m",NA,NA,"",NA,"McCarthy Hill Forest Pond","C","OW","LCI"
"18CMG009_SD","0503UWB5183",58825,"0503UWB5183_DH",2018-06-13,"9:50 AM","","","DEPTH, SECCHI DISK DEPTH",2.42,"m",NA,NA,"",NA,"McCarthy Hill Forest Pond","C","SD","LCI"
"18CMG011","0501MIL0016",59002,"0501MIL0016_DH",2018-06-12,"12:16 PM","0","1.5","DEPTH, SECCHI DISK DEPTH",1.04,"m",NA,NA,"",NA,"Miller Pond","C","OW","LCI"
"18CMG011_SD","0501MIL0016",58826,"0501MIL0016_DH",2018-06-12,"12:16 PM","","","DEPTH, SECCHI DISK DEPTH",1.04,"m",NA,NA,"",NA,"Miller Pond","C","SD","LCI"
"18CMG013","0502UWB5192",59003,"0502UWB5192_DH",2018-06-13,"11:47 AM","0","2","DEPTH, SECCHI DISK DEPTH",1.93,"m",NA,NA,"",NA,"Mossy Bank Park Pond","","OW","LCI"
"18CMG013_SD","0502UWB5192",58827,"0502UWB5192_DH",2018-06-13,"11:47 AM","","","DEPTH, SECCHI DISK DEPTH",1.93,"m",NA,NA,"",NA,"Mossy Bank Park Pond","","SD","LCI"
"18CMG015","0502SAN0043",59004,"0502SAN0043_DH",2018-06-13,"3:06 PM","0","7.5","DEPTH, SECCHI DISK DEPTH",2.9,"m",NA,NA,"",NA,"Sanford Lake","C","OW","LCI"
"18CMG015_SD","0502SAN0043",58828,"0502SAN0043_DH",2018-06-13,"3:06 PM","","","DEPTH, SECCHI DISK DEPTH",2.9,"m",NA,NA,"",NA,"Sanford Lake","C","SD","LCI"
"18CMG101","0501UWB5107",59124,"0501UWB5107_DH",2018-07-11,"9:45 AM",".04","2.08","DEPTH, SECCHI DISK DEPTH",0.5,"m",NA,NA,"",NA,"Amelia Pond","C","OW","LCI"
"18CMG101_SD","0501UWB5107",58829,"0501UWB5107_DH",2018-07-11,"9:45 AM","","","DEPTH, SECCHI DISK DEPTH",0.5,"m",NA,NA,"",NA,"Amelia Pond","C","SD","LCI"
"18CMG103","0502BIR5140",59154,"0502BIR5140_DH",2018-07-10,"3:14 PM",".070000000000000007","2.4700000000000002","DEPTH, SECCHI DISK DEPTH",1.2,"m",NA,NA,"",NA,"Birdseye Hollow Lake","C","OW","LCI"
"18CMG103_SD","0502BIR5140",58830,"0502BIR5140_DH",2018-07-10,"3:14 PM","","","DEPTH, SECCHI DISK DEPTH",1.2,"m",NA,NA,"",NA,"Birdseye Hollow Lake","C","SD","LCI"
"18CMG105","0503ERW0023B",59005,"0503ERW0023B_DH",2018-07-10,"11:55 AM","0","4","DEPTH, SECCHI DISK DEPTH",1.1,"m",NA,NA,"",NA,"Erwin Pond","CT","OW","LCI"
"18CMG105_SD","0503ERW0023B",58831,"0503ERW0023B_DH",2018-07-10,"11:55 AM","","","DEPTH, SECCHI DISK DEPTH",1.1,"m",NA,NA,"",NA,"Erwin Pond","CT","SD","LCI"
"18CMG107","0501LOW0021",59185,"0501LOW0021_DH",2018-07-11,"10:42 AM",".11","1.52","DEPTH, SECCHI DISK DEPTH",0.7,"m",NA,NA,"",NA,"Lowe Pond","C","OW","LCI"
"18CMG107_SD","0501LOW0021",58832,"0501LOW0021_DH",2018-07-11,"10:42 AM","","","DEPTH, SECCHI DISK DEPTH",0.7,"m",NA,NA,"",NA,"Lowe Pond","C","SD","LCI"
"18CMG109","0503UWB5183",59190,"0503UWB5183_DH",2018-07-11,"8:36 AM",".22","3.03","DEPTH, SECCHI DISK DEPTH",2.07,"m",NA,NA,"",NA,"McCarthy Hill Forest Pond","C","OW","LCI"
"18CMG109_SD","0503UWB5183",58833,"0503UWB5183_DH",2018-07-11,"8:36 AM","","","DEPTH, SECCHI DISK DEPTH",2.07,"m",NA,NA,"",NA,"McCarthy Hill Forest Pond","C","SD","LCI"
"18CMG113","0502UWB5192",59125,"0502UWB5192_DH",2018-07-10,"1:41 PM",".04","2","DEPTH, SECCHI DISK DEPTH",1.9,"m",NA,NA,"",NA,"Mossy Bank Park Pond","","OW","LCI"
"18CMG113_SD","0502UWB5192",58835,"0502UWB5192_DH",2018-07-10,"1:41 PM","","","DEPTH, SECCHI DISK DEPTH",1.9,"m",NA,NA,"",NA,"Mossy Bank Park Pond","","SD","LCI"
"18CMG115","0502SAN0043",59134,"0502SAN0043_DH",2018-07-10,"4:25 PM",".05","8","DEPTH, SECCHI DISK DEPTH",2.6,"m",NA,NA,"",NA,"Sanford Lake","C","OW","LCI"
"18CMG115_SD","0502SAN0043",58836,"0502SAN0043_DH",2018-07-10,"4:25 PM","","","DEPTH, SECCHI DISK DEPTH",2.6,"m",NA,NA,"",NA,"Sanford Lake","C","SD","LCI"
"18CMG201","0501UWB5107",59006,"0501UWB5107_DH",2018-08-07,"8:50 AM","0","3","DEPTH, SECCHI DISK DEPTH",1.3,"m",NA,NA,"",NA,"Amelia Pond","C","OW","LCI"
"18CMG201_SD","0501UWB5107",58837,"0501UWB5107_DH",2018-08-07,"8:50 AM","","","DEPTH, SECCHI DISK DEPTH",1.3,"m",NA,NA,"",NA,"Amelia Pond","C","SD","LCI"
"18CMG203","0502BIR5140",59007,"0502BIR5140_DH",2018-08-06,"2:20 PM","0","2.5","DEPTH, SECCHI DISK DEPTH",0.8,"m",NA,NA,"",NA,"Birdseye Hollow Lake","C","OW","LCI"
"18CMG203_SD","0502BIR5140",58838,"0502BIR5140_DH",2018-08-06,"2:20 PM","","","DEPTH, SECCHI DISK DEPTH",0.8,"m",NA,NA,"",NA,"Birdseye Hollow Lake","C","SD","LCI"
"18CMG205","0503ERW0023B",59008,"0503ERW0023B_DH",2018-08-06,"11:35 AM","0","3","DEPTH, SECCHI DISK DEPTH",1.65,"m",NA,NA,"",NA,"Erwin Pond","CT","OW","LCI"
"18CMG205_SD","0503ERW0023B",58839,"0503ERW0023B_DH",2018-08-06,"11:35 AM","","","DEPTH, SECCHI DISK DEPTH",1.65,"m",NA,NA,"",NA,"Erwin Pond","CT","SD","LCI"
"18CMG207","0501LOW0021",59009,"0501LOW0021_DH",2018-08-07,"10:00 AM","0","2","DEPTH, SECCHI DISK DEPTH",0.83,"m",NA,NA,"",NA,"Lowe Pond","C","OW","LCI"
"18CMG207","0501LOW0021",59009,"0501LOW0021_DH",2018-08-07,"10:00 AM","0","2","DEPTH, SECCHI DISK DEPTH",0.83,"m",NA,NA,"",NA,"Lowe Pond","C","DP","LCI"
"18CMG207_SD","0501LOW0021",58840,"0501LOW0021_DH",2018-08-07,"10:00 AM","","","DEPTH, SECCHI DISK DEPTH",0.83,"m",NA,NA,"",NA,"Lowe Pond","C","SD","LCI"
"18CMG209","0503UWB5183",59010,"0503UWB5183_DH",2018-08-07,"7:20 AM","0","3","DEPTH, SECCHI DISK DEPTH",1.85,"m",NA,NA,"",NA,"McCarthy Hill Forest Pond","C","OW","LCI"
"18CMG209_SD","0503UWB5183",58841,"0503UWB5183_DH",2018-08-07,"7:20 AM","","","DEPTH, SECCHI DISK DEPTH",1.85,"m",NA,NA,"",NA,"McCarthy Hill Forest Pond","C","SD","LCI"
"18CMG211","0501MIL0016",59011,"0501MIL0016_DH",2018-08-07,"11:06 AM","0","1.5","DEPTH, SECCHI DISK DEPTH",0.84,"m",NA,NA,"",NA,"Miller Pond","C","OW","LCI"
"18CMG211_SD","0501MIL0016",58842,"0501MIL0016_DH",2018-08-07,"11:06 AM","","","DEPTH, SECCHI DISK DEPTH",0.84,"m",NA,NA,"",NA,"Miller Pond","C","SD","LCI"
"18CMG213","0502UWB5192",59012,"0502UWB5192_DH",2018-08-06,"3:00 PM","0","2.5","DEPTH, SECCHI DISK DEPTH",1.3,"m",NA,NA,"",NA,"Mossy Bank Park Pond","","OW","LCI"
"18CMG213_SD","0502UWB5192",58843,"0502UWB5192_DH",2018-08-06,"3:00 PM","","","DEPTH, SECCHI DISK DEPTH",1.3,"m",NA,NA,"",NA,"Mossy Bank Park Pond","","SD","LCI"
"18CMG215","0502SAN0043",59013,"0502SAN0043_DH",2018-08-06,"5:38 PM","0","7","DEPTH, SECCHI DISK DEPTH",2.8,"m",NA,NA,"",NA,"Sanford Lake","C","OW","LCI"
"18CMG215_SD","0502SAN0043",58844,"0502SAN0043_DH",2018-08-06,"5:38 PM","","","DEPTH, SECCHI DISK DEPTH",2.8,"m",NA,NA,"",NA,"Sanford Lake","C","SD","LCI"
"18CMG301","0501UWB5107",59014,"0501UWB5107_DH",2018-09-05,"9:20 AM","0","2.8","DEPTH, SECCHI DISK DEPTH",1.1,"m",NA,NA,"",NA,"Amelia Pond","C","SD","LCI"
"18CMG301_SD","0501UWB5107",58845,"0501UWB5107_DH",2018-09-05,"9:20 AM","","","DEPTH, SECCHI DISK DEPTH",1.1,"m",NA,NA,"",NA,"Amelia Pond","C","SD","LCI"
"18CMG303","0502BIR5140",59015,"0502BIR5140_DH",2018-09-04,"2:55 PM","0","2.5","DEPTH, SECCHI DISK DEPTH",1.1,"m",NA,NA,"",NA,"Birdseye Hollow Lake","C","SD","LCI"
"18CMG303_SD","0502BIR5140",58846,"0502BIR5140_DH",2018-09-04,"2:55 PM","","","DEPTH, SECCHI DISK DEPTH",1.1,"m",NA,NA,"",NA,"Birdseye Hollow Lake","C","SD","LCI"
"18CMG305","0503ERW0023B",59172,"0503ERW0023B_DH",2018-09-04,"11:20 AM",".1","3.7","DEPTH, SECCHI DISK DEPTH",1.8,"m",NA,NA,"",NA,"Erwin Pond","CT","SD","LCI"
"18CMG305_SD","0503ERW0023B",58847,"0503ERW0023B_DH",2018-09-04,"11:20 AM","","","DEPTH, SECCHI DISK DEPTH",1.8,"m",NA,NA,"",NA,"Erwin Pond","CT","SD","LCI"
"18CMG307","0501LOW0021",59173,"0501LOW0021_DH",2018-09-05,"10:50 AM",".1","1.5","DEPTH, SECCHI DISK DEPTH",0.9,"m",NA,NA,"",NA,"Lowe Pond","C","SD","LCI"
"18CMG307_SD","0501LOW0021",58848,"0501LOW0021_DH",2018-09-05,"10:50 AM","","","DEPTH, SECCHI DISK DEPTH",0.9,"m",NA,NA,"",NA,"Lowe Pond","C","SD","LCI"
"18CMG309","0503UWB5183",59174,"0503UWB5183_DH",2018-09-05,"7:20 AM",".1","3","DEPTH, SECCHI DISK DEPTH",1.2,"m",NA,NA,"",NA,"McCarthy Hill Forest Pond","C","SD","LCI"
"18CMG309_SD","0503UWB5183",58849,"0503UWB5183_DH",2018-09-05,"7:20 AM","","","DEPTH, SECCHI DISK DEPTH",1.2,"m",NA,NA,"",NA,"McCarthy Hill Forest Pond","C","SD","LCI"
"18CMG311","0501MIL0016",59175,"0501MIL0016_DH",2018-09-05,"12:15 PM",".1","1.5","DEPTH, SECCHI DISK DEPTH",0.8,"m",NA,NA,"",NA,"Miller Pond","C","SD","LCI"
"18CMG311_SD","0501MIL0016",58850,"0501MIL0016_DH",2018-09-05,"12:15 PM","","","DEPTH, SECCHI DISK DEPTH",0.8,"m",NA,NA,"",NA,"Miller Pond","C","SD","LCI"
"18CMG313","0502UWB5192",59176,"0502UWB5192_DH",2018-09-04,"1:30 PM",".1","2.5","DEPTH, SECCHI DISK DEPTH",1.9,"m",NA,NA,"",NA,"Mossy Bank Park Pond","","SD","LCI"
"18CMG313_SD","0502UWB5192",58851,"0502UWB5192_DH",2018-09-04,"1:30 PM","","","DEPTH, SECCHI DISK DEPTH",1.9,"m",NA,NA,"",NA,"Mossy Bank Park Pond","","SD","LCI"
"18CMG315","0502SAN0043",59016,"0502SAN0043_DH",2018-09-04,"4:00 PM","0","7.6","DEPTH, SECCHI DISK DEPTH",2.3,"m",NA,NA,"",NA,"Sanford Lake","C","SD","LCI"
"18CMG315_SD","0502SAN0043",58852,"0502SAN0043_DH",2018-09-04,"4:00 PM","","","DEPTH, SECCHI DISK DEPTH",2.3,"m",NA,NA,"",NA,"Sanford Lake","C","SD","LCI"
"18LCB001","0902BAR0262",59017,"0902BAR0262_DH",2018-08-29,"10:50 AM","0","2","DISK, SECCHI DISK DEPTH",0.7,"m",NA,NA,"",NA,"Barnum Pond","CT","OW","LCI"
"18LCB001","0902BAR0262",59017,"0902BAR0262_DH",2018-08-29,"10:50 AM","0","2","DISK, SECCHI DISK DEPTH",0.7,"m",NA,NA,"",NA,"Barnum Pond","CT","DP","LCI"
"18LCB001_SD","0902BAR0262",58853,"0902BAR0262_DH",2018-08-29,"10:50 AM","","","DISK, SECCHI DISK DEPTH",0.7,"m",NA,NA,"",NA,"Barnum Pond","CT","SD","LCI"
"18LCB003","1005BAR0338",59018,"1005BAR0338_DH",2018-08-29,"10:45 AM","0","5","DISK, SECCHI DISK DEPTH",3.5,"m",NA,NA,"",NA,"Bartlett Pond","AAT","OW","LCI"
"18LCB003","1005BAR0338",59018,"1005BAR0338_DH",2018-08-29,"10:45 AM","0","5","DISK, SECCHI DISK DEPTH",3.5,"m",NA,NA,"",NA,"Bartlett Pond","AAT","DP","LCI"
"18LCB003_SD","1005BAR0338",58854,"1005BAR0338_DH",2018-08-29,"10:45 AM","","","DISK, SECCHI DISK DEPTH",3.5,"m",NA,NA,"",NA,"Bartlett Pond","AAT","SD","LCI"
"18LCB005","1006CRA0380",59019,"1006CRA0380_DH",2018-08-29,"2:35 PM","0","3","DISK, SECCHI DISK DEPTH",2,"m",NA,NA,"",NA,"Cranberry Pond","AA-S","OW","LCI"
"18LCB005","1006CRA0380",59019,"1006CRA0380_DH",2018-08-29,"2:35 PM","0","3","DISK, SECCHI DISK DEPTH",2,"m",NA,NA,"",NA,"Cranberry Pond","AA-S","DP","LCI"
"18LCB005_SD","1006CRA0380",58855,"1006CRA0380_DH",2018-08-29,"2:35 PM","","","DISK, SECCHI DISK DEPTH",2,"m",NA,NA,"",NA,"Cranberry Pond","AA-S","SD","LCI"
"18LCB007","1003FRA5095",59020,"1003FRA5095_DH",2018-08-28,"11:23 AM","0","5.5","DISK, SECCHI DISK DEPTH",1.9,"m",NA,NA,"",NA,"Franklin Falls Pond","CT","OW","LCI"
"18LCB007","1003FRA5095",59020,"1003FRA5095_DH",2018-08-28,"11:23 AM","0","5.5","DISK, SECCHI DISK DEPTH",1.9,"m",NA,NA,"",NA,"Franklin Falls Pond","CT","DP","LCI"
"18LCB007_SD","1003FRA5095",58856,"1003FRA5095_DH",2018-08-28,"11:23 AM","","","DISK, SECCHI DISK DEPTH",1.9,"m",NA,NA,"",NA,"Franklin Falls Pond","CT","SD","LCI"
"18LCB009","1006JAB0394",59021,"1006JAB0394_DH",2018-08-29,"12:55 PM","0","3","DISK, SECCHI DISK DEPTH",3.3,"m",NA,NA,"",NA,"Jabe Pond","AA-S","OW","LCI"
"18LCB009","1006JAB0394",59021,"1006JAB0394_DH",2018-08-29,"12:55 PM","0","3","DISK, SECCHI DISK DEPTH",3.3,"m",NA,NA,"",NA,"Jabe Pond","AA-S","DP","LCI"
"18LCB009_SD","1006JAB0394",58857,"1006JAB0394_DH",2018-08-29,"12:55 PM","","","DISK, SECCHI DISK DEPTH",3.3,"m",NA,NA,"",NA,"Jabe Pond","AA-S","SD","LCI"
"18LCB011","1003COL0106",59022,"1003COL0106_DH",2018-08-29,"12:02 PM","0","10","DISK, SECCHI DISK DEPTH",2.5,"m",NA,NA,"",NA,"Lake Colby","AT","DP","LCI"
"18LCB011","1003COL0106",59022,"1003COL0106_DH",2018-08-29,"12:02 PM","0","10","DISK, SECCHI DISK DEPTH",2.5,"m",NA,NA,"",NA,"Lake Colby","AT","OW","LCI"
"18LCB011_SD","1003COL0106",58858,"1003COL0106_DH",2018-08-29,"12:02 PM","","","DISK, SECCHI DISK DEPTH",2.5,"m",NA,NA,"",NA,"Lake Colby","AT","SD","LCI"
"18LCB013","1003KUS0055",59023,"1003KUS0055_DH",2018-08-29,"8:33 AM","0","24","DISK, SECCHI DISK DEPTH",3.5,"m",NA,NA,"",NA,"Lake Kushaqua","CT","DP","LCI"
"18LCB013","1003KUS0055",59023,"1003KUS0055_DH",2018-08-29,"8:33 AM","0","24","DISK, SECCHI DISK DEPTH",3.5,"m",NA,NA,"",NA,"Lake Kushaqua","CT","OW","LCI"
"18LCB013_SD","1003KUS0055",58859,"1003KUS0055_DH",2018-08-29,"8:33 AM","","","DISK, SECCHI DISK DEPTH",3.5,"m",NA,NA,"",NA,"Lake Kushaqua","CT","SD","LCI"
"18LCB017","1003LSA0104",59024,"1003LSA0104_DH",2018-08-28,"3:12 PM","0","14","DISK, SECCHI DISK DEPTH",2.6,"m",NA,NA,"",NA,"Lower Saranac Lake","AA","DP","LCI"
"18LCB017","1003LSA0104",59024,"1003LSA0104_DH",2018-08-28,"3:12 PM","0","14","DISK, SECCHI DISK DEPTH",2.6,"m",NA,NA,"",NA,"Lower Saranac Lake","AA","OW","LCI"
"18LCB017_SD","1003LSA0104",58860,"1003LSA0104_DH",2018-08-28,"3:12 PM","","","DISK, SECCHI DISK DEPTH",2.6,"m",NA,NA,"",NA,"Lower Saranac Lake","AA","SD","LCI"
"18LCB019","1004MIL0318",59025,"1004MIL0318_DH",2018-08-28,"11:50 AM","0","6","DISK, SECCHI DISK DEPTH",2.9,"m",NA,NA,"",NA,"Mill Pond","CT","OW","LCI"
"18LCB019","1004MIL0318",59025,"1004MIL0318_DH",2018-08-28,"11:50 AM","0","6","DISK, SECCHI DISK DEPTH",2.9,"m",NA,NA,"",NA,"Mill Pond","CT","DP","LCI"
"18LCB019_SD","1004MIL0318",58861,"1004MIL0318_DH",2018-08-28,"11:50 AM","","","DISK, SECCHI DISK DEPTH",2.9,"m",NA,NA,"",NA,"Mill Pond","CT","SD","LCI"
"18LCB021","1003MOO0083",59026,"1003MOO0083_DH",2018-08-28,"1:00 PM","0","11","DISK, SECCHI DISK DEPTH",3.1,"m",NA,NA,"",NA,"Moose Pond","AT","OW","LCI"
"18LCB021","1003MOO0083",59026,"1003MOO0083_DH",2018-08-28,"1:00 PM","0","11","DISK, SECCHI DISK DEPTH",3.1,"m",NA,NA,"",NA,"Moose Pond","AT","DP","LCI"
"18LCB021_SD","1003MOO0083",58862,"1003MOO0083_DH",2018-08-28,"1:00 PM","","","DISK, SECCHI DISK DEPTH",3.1,"m",NA,NA,"",NA,"Moose Pond","AT","SD","LCI"
"18LCB023","1005PEN0351A",59027,"1005PEN0351A_DH",2018-08-29,"9:10 AM","0","2.5","DISK, SECCHI DISK DEPTH",1.4,"m",NA,NA,"",NA,"Penfield Pond","CT","OW","LCI"
"18LCB023","1005PEN0351A",59027,"1005PEN0351A_DH",2018-08-29,"9:10 AM","0","2.5","DISK, SECCHI DISK DEPTH",1.4,"m",NA,NA,"",NA,"Penfield Pond","CT","DP","LCI"
"18LCB023_SD","1005PEN0351A",58863,"1005PEN0351A_DH",2018-08-29,"9:10 AM","","","DISK, SECCHI DISK DEPTH",1.4,"m",NA,NA,"",NA,"Penfield Pond","CT","SD","LCI"
"18LCB025","1004RUS0316",59028,"1004RUS0316_DH",2018-08-28,"10:00 AM","0","6","DISK, SECCHI DISK DEPTH",2.9,"m",NA,NA,"",NA,"Russett Pond","CT","OW","LCI"
"18LCB025","1004RUS0316",59028,"1004RUS0316_DH",2018-08-28,"10:00 AM","0","6","DISK, SECCHI DISK DEPTH",2.9,"m",NA,NA,"",NA,"Russett Pond","CT","DP","LCI"
"18LCB025_SD","1004RUS0316",58864,"1004RUS0316_DH",2018-08-28,"10:00 AM","","","DISK, SECCHI DISK DEPTH",2.9,"m",NA,NA,"",NA,"Russett Pond","CT","SD","LCI"
"18LHB001","1309BAS0950A",59029,"1309BAS0950A_DH",2018-06-27,"9:40 AM","0","3.5","DISK, SECCHI DISK DEPTH",2.5,"m",NA,NA,"",NA,"Basic Creek Reservoir","A","OW","LCI"
"18LHB001_SD","1309BAS0950A",58865,"1309BAS0950A_DH",2018-06-27,"9:40 AM","","","DISK, SECCHI DISK DEPTH",2.5,"m",NA,NA,"",NA,"Basic Creek Reservoir","A","SD","LCI"
"18LHB003","1304BEA0345A",59155,"1304BEA0345A_DH",2018-06-21,"9:40 AM",".070000000000000007","15.01","DISK, SECCHI DISK DEPTH",4.25,"m",NA,NA,"",NA,"Beacon Reservoir","AT","OW","LCI"
"18LHB003_SD","1304BEA0345A",58866,"1304BEA0345A_DH",2018-06-21,"9:40 AM","","","DISK, SECCHI DISK DEPTH",4.25,"m",NA,NA,"",NA,"Beacon Reservoir","AT","SD","LCI"
"18LHB005","1306BIN0735",59030,"1306BIN0735_DH",2018-06-20,"3:33 PM","0","3","DISK, SECCHI DISK DEPTH",1.6,"m",NA,NA,"",NA,"Binnewater Pond","C","OW","LCI"
"18LHB005_SD","1306BIN0735",58867,"1306BIN0735_DH",2018-06-20,"3:33 PM","","","DISK, SECCHI DISK DEPTH",1.6,"m",NA,NA,"",NA,"Binnewater Pond","C","SD","LCI"
"18LHB009","1301CHO0437",59031,"1301CHO0437_DH",2018-06-20,"9:45 AM","0","4","DISK, SECCHI DISK DEPTH",2.7,"m",NA,NA,"",NA,"Chodikee Lake","B","OW","LCI"
"18LHB009_SD","1301CHO0437",58868,"1301CHO0437_DH",2018-06-20,"9:45 AM","","","DISK, SECCHI DISK DEPTH",2.7,"m",NA,NA,"",NA,"Chodikee Lake","B","SD","LCI"
"18LHB011","1301COX6780",59032,"1301COX6780_DH",2018-06-18,"2:10 PM","0","6.5","DISK, SECCHI DISK DEPTH",2.6,"m",NA,NA,"",NA,"Coxsackie Reservoir","C","OW","LCI"
"18LHB011_SD","1301COX6780",58869,"1301COX6780_DH",2018-06-18,"2:10 PM","","","DISK, SECCHI DISK DEPTH",2.6,"m",NA,NA,"",NA,"Coxsackie Reservoir","C","SD","LCI"
"18LHB013","1301UWB0420B",59033,"1301UWB0420B_DH",2018-06-19,"3:15 PM","0","3","DISK, SECCHI DISK DEPTH",2.2,"m",NA,NA,"",NA,"Fall Kill Pond","B","OW","LCI"
"18LHB013_SD","1301UWB0420B",58870,"1301UWB0420B_DH",2018-06-19,"3:15 PM","","","DISK, SECCHI DISK DEPTH",2.2,"m",NA,NA,"",NA,"Fall Kill Pond","B","SD","LCI"
"18LHB017","1303GOSXXX1",59034,"1303GOSXXX1_DH",2018-06-20,"1:55 PM","0","8","DISK, SECCHI DISK DEPTH",1.3,"m",NA,NA,"",NA,"Goshen Reservoir","","OW","LCI"
"18LHB017_SD","1303GOSXXX1",58871,"1303GOSXXX1_DH",2018-06-20,"1:55 PM","","","DISK, SECCHI DISK DEPTH",1.3,"m",NA,NA,"",NA,"Goshen Reservoir","","SD","LCI"
"18LHB019","1309HOL0913",59035,"1309HOL0913_DH",2018-06-18,"12:15 PM","0","6.8","DISK, SECCHI DISK DEPTH",2.2,"m",NA,NA,"",NA,"Hollister Lake","A","OW","LCI"
"18LHB019_SD","1309HOL0913",58872,"1309HOL0913_DH",2018-06-18,"12:15 PM","","","DISK, SECCHI DISK DEPTH",2.2,"m",NA,NA,"",NA,"Hollister Lake","A","SD","LCI"
"18LHB021","1310KIN0024",59036,"1310KIN0024_DH",2018-06-27,"1:10 PM","0","9.5","DISK, SECCHI DISK DEPTH",2.3,"m",NA,NA,"",NA,"Kinderhook Lake","B","OW","LCI"
"18LHB021_SD","1310KIN0024",58873,"1310KIN0024_DH",2018-06-27,"1:10 PM","","","DISK, SECCHI DISK DEPTH",2.3,"m",NA,NA,"",NA,"Kinderhook Lake","B","SD","LCI"
"18LHB023","1306MIL0515",59037,"1306MIL0515_DH",2018-06-20,"4:50 PM","0","2","DISK, SECCHI DISK DEPTH",1.3,"m",NA,NA,"",NA,"Mill Pond","B","OW","LCI"
"18LHB023_SD","1306MIL0515",58874,"1306MIL0515_DH",2018-06-20,"4:50 PM","","","DISK, SECCHI DISK DEPTH",1.3,"m",NA,NA,"",NA,"Mill Pond","B","SD","LCI"
"18LHB025","1301POC0030",59038,"1301POC0030_DH",2018-06-21,"12:15 PM","0","4","DISK, SECCHI DISK DEPTH",3.3,"m",NA,NA,"",NA,"Pocantico Lake","A","DP","LCI"
"18LHB025","1301POC0030",59038,"1301POC0030_DH",2018-06-21,"12:15 PM","0","4","DISK, SECCHI DISK DEPTH",3.3,"m",NA,NA,"",NA,"Pocantico Lake","A","OW","LCI"
"18LHB025_SD","1301POC0030",58875,"1301POC0030_DH",2018-06-21,"12:15 PM","","","DISK, SECCHI DISK DEPTH",3.3,"m",NA,NA,"",NA,"Pocantico Lake","A","SD","LCI"
"18LHB027","1301PUD5194",59039,"1301PUD5194_DH",2018-06-19,"5:00 PM","0","2","DISK, SECCHI DISK DEPTH",2.4,"m",NA,NA,"",NA,"Pudding Street Pond","C","OW","LCI"
"18LHB027","1301PUD5194",59039,"1301PUD5194_DH",2018-06-19,"5:00 PM","0","2","DISK, SECCHI DISK DEPTH",2.4,"m",NA,NA,"",NA,"Pudding Street Pond","C","DP","LCI"
"18LHB027_SD","1301PUD5194",58876,"1301PUD5194_DH",2018-06-19,"5:00 PM","","","DISK, SECCHI DISK DEPTH",2.4,"m",NA,NA,"",NA,"Pudding Street Pond","C","SD","LCI"
"18LHB029","1301REN0336",59040,"1301REN0336_DH",2018-06-27,"3:10 PM","0","6.5","DISK, SECCHI DISK DEPTH",2.4,"m",NA,NA,"",NA,"Rensselaer Lake","C","OW","LCI"
"18LHB029_SD","1301REN0336",58877,"1301REN0336_DH",2018-06-27,"3:10 PM","","","DISK, SECCHI DISK DEPTH",2.4,"m",NA,NA,"",NA,"Rensselaer Lake","C","SD","LCI"
"18LHB031","1310SUT0052",59041,"1310SUT0052_DH",2018-06-19,"11:06 AM","0","3","DISK, SECCHI DISK DEPTH",1.2,"m",NA,NA,"",NA,"Southerland Pond","C","DP","LCI"
"18LHB031","1310SUT0052",59041,"1310SUT0052_DH",2018-06-19,"11:06 AM","0","3","DISK, SECCHI DISK DEPTH",1.2,"m",NA,NA,"",NA,"Southerland Pond","C","OW","LCI"
"18LHB031_SD","1310SUT0052",58878,"1310SUT0052_DH",2018-06-19,"11:06 AM","","","DISK, SECCHI DISK DEPTH",1.2,"m",NA,NA,"",NA,"Southerland Pond","C","SD","LCI"
"18LHB033","1101TRO0459",59042,"1101TRO0459_DH",2018-06-18,"12:00 AM","0","5","DISK, SECCHI DISK DEPTH",2.8,"m",NA,NA,"",NA,"Troy Reservoir","C","OW","LCI"
"18LHB033_SD","1101TRO0459",58879,"1101TRO0459_DH",2018-06-18,"","","","DISK, SECCHI DISK DEPTH",2.8,"m",NA,NA,"",NA,"Troy Reservoir","C","SD","LCI"
"18LHB035","1305WAP0365",59043,"1305WAP0365_DH",2018-06-20,"7:03 PM","0","3.5","DISK, SECCHI DISK DEPTH",1.6,"m",NA,NA,"",NA,"Wappinger Lake","B","OW","LCI"
"18LHB035","1305WAP0365",59043,"1305WAP0365_DH",2018-06-20,"7:03 PM","0","3.5","DISK, SECCHI DISK DEPTH",1.6,"m",NA,NA,"",NA,"Wappinger Lake","B","DP","LCI"
"18LHB035_SD","1305WAP0365",58880,"1305WAP0365_DH",2018-06-20,"7:03 PM","","","DISK, SECCHI DISK DEPTH",1.6,"m",NA,NA,"",NA,"Wappinger Lake","B","SD","LCI"
"18LHB037","1308WILXXX1A",59044,"1308WILXXX1A_DH",2018-06-19,"1:20 PM","0","2.5","DISK, SECCHI DISK DEPTH",2.85,"m",NA,NA,"",NA,"Wilcox Park Pond South","","OW","LCI"
"18LHB037","1308WILXXX1A",59044,"1308WILXXX1A_DH",2018-06-19,"1:20 PM","0","2.5","DISK, SECCHI DISK DEPTH",2.85,"m",NA,NA,"",NA,"Wilcox Park Pond South","","DP","LCI"
"18LHB037_SD","1308WILXXX1A",58881,"1308WILXXX1A_DH",2018-06-19,"1:20 PM","","","DISK, SECCHI DISK DEPTH",2.85,"m",NA,NA,"",NA,"Wilcox Park Pond South","","SD","LCI"
"18LHB039","1306UWB6107",59045,"1306UWB6107_DH",2018-06-20,"12:00 PM","0","2","DISK, SECCHI DISK DEPTH",1.6,"m",NA,NA,"",NA,"Winding Hills Park Lake","","OW","LCI"
"18LHB039_SD","1306UWB6107",58882,"1306UWB6107_DH",2018-06-20,"12:00 PM","","","DISK, SECCHI DISK DEPTH",1.6,"m",NA,NA,"",NA,"Winding Hills Park Lake","","SD","LCI"
"18LHB041","1302CAS0059B",59046,"1302CAS0059B_DH",2018-06-21,"2:25 PM","0","2.5","DISK, SECCHI DISK DEPTH",0.8,"m",NA,NA,"",NA,"Lake Casse","B","OW","LCI"
"18LHB041","1302CAS0059B",59046,"1302CAS0059B_DH",2018-06-21,"2:25 PM","0","2.5","DISK, SECCHI DISK DEPTH",0.8,"m",NA,NA,"",NA,"Lake Casse","B","DP","LCI"
"18LHB041_SD","1302CAS0059B",58883,"1302CAS0059B_DH",2018-06-21,"2:25 PM","","","DISK, SECCHI DISK DEPTH",0.8,"m",NA,NA,"",NA,"Lake Casse","B","SD","LCI"
"18LHB043","1301CHA0341A",59047,"1301CHA0341A_DH",2018-06-04,"9:45 AM","0","7.5","DISK, SECCHI DISK DEPTH",2.8,"m",NA,NA,"",NA,"Chadwick Lake","A","OW","LCI"
"18LHB043_SD","1301CHA0341A",58884,"1301CHA0341A_DH",2018-06-04,"9:45 AM","","","DISK, SECCHI DISK DEPTH",2.8,"m",NA,NA,"",NA,"Chadwick Lake","A","SD","LCI"
"18LHB045","1306HIG0492",59048,"1306HIG0492_DH",2018-06-04,"12:00 AM","0","9","DISK, SECCHI DISK DEPTH",1.9,"m",NA,NA,"",NA,"Highland Lake","AA","OW","LCI"
"18LHB045_SD","1306HIG0492",58885,"1306HIG0492_DH",2018-06-04,"","","","DISK, SECCHI DISK DEPTH",1.9,"m",NA,NA,"",NA,"Highland Lake","AA","SD","LCI"
"18LHB047","1306MON0598",59049,"1306MON0598_DH",2018-06-04,"11:51 AM","0","6.5","DISK, SECCHI DISK DEPTH",2.7,"m",NA,NA,"",NA,"Monhagen Lake","AA","OW","LCI"
"18LHB047_SD","1306MON0598",58886,"1306MON0598_DH",2018-06-04,"11:51 AM","","","DISK, SECCHI DISK DEPTH",2.7,"m",NA,NA,"",NA,"Monhagen Lake","AA","SD","LCI"
"18LHB049","1306SHA0491",59050,"1306SHA0491_DH",2018-06-04,"2:35 PM","0","6","DISK, SECCHI DISK DEPTH",2.25,"m",NA,NA,"",NA,"Shawangunk Lake","AA","OW","LCI"
"18LHB049_SD","1306SHA0491",58887,"1306SHA0491_DH",2018-06-04,"2:35 PM","","","DISK, SECCHI DISK DEPTH",2.25,"m",NA,NA,"",NA,"Shawangunk Lake","AA","SD","LCI"
"18LHB101","1309BAS0950A",59051,"1309BAS0950A_DH",2018-07-17,"8:45 AM","0","3.5","DISK, SECCHI DISK DEPTH",2.2,"m",NA,NA,"",NA,"Basic Creek Reservoir","A","OW","LCI"
"18LHB101_SD","1309BAS0950A",58888,"1309BAS0950A_DH",2018-07-17,"8:45 AM","","","DISK, SECCHI DISK DEPTH",2.2,"m",NA,NA,"",NA,"Basic Creek Reservoir","A","SD","LCI"
"18LHB103","1304BEA0345A",59135,"1304BEA0345A_DH",2018-07-17,"7:45 AM",".05","15.05","DISK, SECCHI DISK DEPTH",3.8,"m",NA,NA,"",NA,"Beacon Reservoir","AT","OW","LCI"
"18LHB103_SD","1304BEA0345A",58889,"1304BEA0345A_DH",2018-07-17,"7:45 AM","","","DISK, SECCHI DISK DEPTH",3.8,"m",NA,NA,"",NA,"Beacon Reservoir","AT","SD","LCI"
"18LHB105","1306BIN0735",59110,"1306BIN0735_DH",2018-07-16,"1:50 PM",".02","3.02","DISK, SECCHI DISK DEPTH",1.5,"m",NA,NA,"",NA,"Binnewater Pond","C","OW","LCI"
"18LHB105","1306BIN0735",59110,"1306BIN0735_DH",2018-07-16,"1:50 PM",".02","3.02","DISK, SECCHI DISK DEPTH",1.5,"m",NA,NA,"",NA,"Binnewater Pond","C","DP","LCI"
"18LHB105_SD","1306BIN0735",58890,"1306BIN0735_DH",2018-07-16,"1:50 PM","","","DISK, SECCHI DISK DEPTH",1.5,"m",NA,NA,"",NA,"Binnewater Pond","C","SD","LCI"
"18LHB109","1301CHO0437",59126,"1301CHO0437_DH",2018-07-16,"9:50 AM",".04","3.97","DISK, SECCHI DISK DEPTH",1.4,"m",NA,NA,"",NA,"Chodikee Lake","B","OW","LCI"
"18LHB109_SD","1301CHO0437",58891,"1301CHO0437_DH",2018-07-16,"9:50 AM","","","DISK, SECCHI DISK DEPTH",1.4,"m",NA,NA,"",NA,"Chodikee Lake","B","SD","LCI"
"18LHB111_DP","1301COX6780",58654,"1301COX6780_DH",2018-07-16,"?","0","7","DISK, SECCHI DISK DEPTH",1.8,"m",NA,NA,"",NA,"Coxsackie Reservoir","C","DP","LCI"
"18LHB113","1301UWB0420B",59118,"1301UWB0420B_DH",2018-07-18,"10:10 AM",".03","3.46","DISK, SECCHI DISK DEPTH",1.55,"m",NA,NA,"",NA,"Fall Kill Pond","B","OW","LCI"
"18LHB113_SD","1301UWB0420B",58892,"1301UWB0420B_DH",2018-07-18,"10:10 AM","","","DISK, SECCHI DISK DEPTH",1.55,"m",NA,NA,"",NA,"Fall Kill Pond","B","SD","LCI"
"18LHB117","1303GOSXXX1",59194,"1303GOSXXX1_DH",2018-07-16,"12:15 PM","1.02","8.0299999999999994","DISK, SECCHI DISK DEPTH",1,"m",NA,NA,"",NA,"Goshen Reservoir","","OW","LCI"
"18LHB117_SD","1303GOSXXX1",58893,"1303GOSXXX1_DH",2018-07-16,"12:15 PM","","","DISK, SECCHI DISK DEPTH",1,"m",NA,NA,"",NA,"Goshen Reservoir","","SD","LCI"
"18LHB119","1309HOL0913",59053,"1309HOL0913_DH",2018-07-16,"10:44 AM","0","6.5","DISK, SECCHI DISK DEPTH",1.7,"m",NA,NA,"",NA,"Hollister Lake","A","OW","LCI"
"18LHB119_SD","1309HOL0913",58894,"1309HOL0913_DH",2018-07-16,"10:44 AM","","","DISK, SECCHI DISK DEPTH",1.7,"m",NA,NA,"",NA,"Hollister Lake","A","SD","LCI"
"18LHB121","1310KIN0024",59054,"1310KIN0024_DH",2018-07-17,"11:33 AM","0","8.5","DISK, SECCHI DISK DEPTH",1.5,"m",NA,NA,"",NA,"Kinderhook Lake","B","OW","LCI"
"18LHB121_SD","1310KIN0024",58895,"1310KIN0024_DH",2018-07-17,"11:33 AM","","","DISK, SECCHI DISK DEPTH",1.5,"m",NA,NA,"",NA,"Kinderhook Lake","B","SD","LCI"
"18LHB123","1306MIL0515",59127,"1306MIL0515_DH",2018-07-16,"2:44 PM",".04","1.49","DISK, SECCHI DISK DEPTH",0.6,"m",NA,NA,"",NA,"Mill Pond","B","OW","LCI"
"18LHB123_SD","1306MIL0515",58896,"1306MIL0515_DH",2018-07-16,"2:44 PM","","","DISK, SECCHI DISK DEPTH",0.6,"m",NA,NA,"",NA,"Mill Pond","B","SD","LCI"
"18LHB125","1301POC0030",59128,"1301POC0030_DH",2018-07-17,"12:30 PM",".04","4.49","DISK, SECCHI DISK DEPTH",1.8,"m",NA,NA,"",NA,"Pocantico Lake","A","OW","LCI"
"18LHB125_SD","1301POC0030",58897,"1301POC0030_DH",2018-07-17,"12:30 PM","","","DISK, SECCHI DISK DEPTH",1.8,"m",NA,NA,"",NA,"Pocantico Lake","A","SD","LCI"
"18LHB127","1301PUD5194",59136,"1301PUD5194_DH",2018-07-17,"9:36 AM",".05","2.0299999999999998","DISK, SECCHI DISK DEPTH",1.5,"m",NA,NA,"",NA,"Pudding Street Pond","C","OW","LCI"
"18LHB127_SD","1301PUD5194",58898,"1301PUD5194_DH",2018-07-17,"9:36 AM","","","DISK, SECCHI DISK DEPTH",1.5,"m",NA,NA,"",NA,"Pudding Street Pond","C","SD","LCI"
"18LHB129","1301REN0336",59055,"1301REN0336_DH",2018-07-17,"1:05 PM","0","6.8","DISK, SECCHI DISK DEPTH",1.7,"m",NA,NA,"",NA,"Rensselaer Lake","C","OW","LCI"
"18LHB129_SD","1301REN0336",58899,"1301REN0336_DH",2018-07-17,"1:05 PM","","","DISK, SECCHI DISK DEPTH",1.7,"m",NA,NA,"",NA,"Rensselaer Lake","C","SD","LCI"
"18LHB131","1310SUT0052",59107,"1310SUT0052_DH",2018-07-18,"1:15 PM",".01","4.0199999999999996","DISK, SECCHI DISK DEPTH",0.45,"m",NA,NA,"",NA,"Southerland Pond","C","OW","LCI"
"18LHB131_SD","1310SUT0052",58900,"1310SUT0052_DH",2018-07-18,"1:15 PM","","","DISK, SECCHI DISK DEPTH",0.45,"m",NA,NA,"",NA,"Southerland Pond","C","SD","LCI"
"18LHB133","1101TRO0459",59056,"1101TRO0459_DH",2018-07-17,"8:00 AM","0","5.5","DISK, SECCHI DISK DEPTH",3.1,"m",NA,NA,"",NA,"Troy Reservoir","C","OW","LCI"
"18LHB133_SD","1101TRO0459",58901,"1101TRO0459_DH",2018-07-17,"8:00 AM","","","DISK, SECCHI DISK DEPTH",3.1,"m",NA,NA,"",NA,"Troy Reservoir","C","SD","LCI"
"18LHB135","1305WAP0365",59150,"1305WAP0365_DH",2018-07-18,"8:05 AM",".06","3.49","DISK, SECCHI DISK DEPTH",1.4,"m",NA,NA,"",NA,"Wappinger Lake","B","OW","LCI"
"18LHB135_SD","1305WAP0365",58902,"1305WAP0365_DH",2018-07-18,"8:05 AM","","","DISK, SECCHI DISK DEPTH",1.4,"m",NA,NA,"",NA,"Wappinger Lake","B","SD","LCI"
"18LHB137","1308WILXXX1A",59137,"1308WILXXX1A_DH",2018-07-18,"11:30 AM",".05","2.5","DISK, SECCHI DISK DEPTH",2.8,"m",NA,NA,"",NA,"Wilcox Park Pond South","","OW","LCI"
"18LHB137_SD","1308WILXXX1A",58903,"1308WILXXX1A_DH",2018-07-18,"11:30 AM","","","DISK, SECCHI DISK DEPTH",2.8,"m",NA,NA,"",NA,"Wilcox Park Pond South","","SD","LCI"
"18LHB139","1306UWB6107",59129,"1306UWB6107_DH",2018-07-16,"4:35 PM",".04","2.0099999999999998","DISK, SECCHI DISK DEPTH",1.2,"m",NA,NA,"",NA,"Winding Hills Park Lake","","OW","LCI"
"18LHB139_SD","1306UWB6107",58904,"1306UWB6107_DH",2018-07-16,"4:35 PM","","","DISK, SECCHI DISK DEPTH",1.2,"m",NA,NA,"",NA,"Winding Hills Park Lake","","SD","LCI"
"18LHB141","1302CAS0059B",59156,"1302CAS0059B_DH",2018-07-17,"10:50 AM",".070000000000000007","2.5","DISK, SECCHI DISK DEPTH",0.9,"m",NA,NA,"",NA,"Lake Casse","B","OW","LCI"
"18LHB141_SD","1302CAS0059B",58905,"1302CAS0059B_DH",2018-07-17,"10:50 AM","","","DISK, SECCHI DISK DEPTH",0.9,"m",NA,NA,"",NA,"Lake Casse","B","SD","LCI"
"18LHB143","1301CHA0341A",59057,"1301CHA0341A_DH",2018-07-11,"3:00 PM","0","8","DISK, SECCHI DISK DEPTH",3.8,"m",NA,NA,"",NA,"Chadwick Lake","A","OW","LCI"
"18LHB143","1301CHA0341A",59057,"1301CHA0341A_DH",2018-07-11,"3:00 PM","0","8","DISK, SECCHI DISK DEPTH",3.8,"m",NA,NA,"",NA,"Chadwick Lake","A","DP","LCI"
"18LHB143_SD","1301CHA0341A",58906,"1301CHA0341A_DH",2018-07-11,"3:00 PM","","","DISK, SECCHI DISK DEPTH",3.8,"m",NA,NA,"",NA,"Chadwick Lake","A","SD","LCI"
"18LHB145","1306HIG0492",59058,"1306HIG0492_DH",2018-07-11,"11:30 AM","0","3","DISK, SECCHI DISK DEPTH",2.2,"m",NA,NA,"",NA,"Highland Lake","AA","DP","LCI"
"18LHB145","1306HIG0492",59058,"1306HIG0492_DH",2018-07-11,"11:30 AM","0","3","DISK, SECCHI DISK DEPTH",2.2,"m",NA,NA,"",NA,"Highland Lake","AA","OW","LCI"
"18LHB145_SD","1306HIG0492",58907,"1306HIG0492_DH",2018-07-11,"11:30 AM","","","DISK, SECCHI DISK DEPTH",2.2,"m",NA,NA,"",NA,"Highland Lake","AA","SD","LCI"
"18LHB147","1306MON0598",59059,"1306MON0598_DH",2018-07-11,"12:30 PM","0","5","DISK, SECCHI DISK DEPTH",1.45,"m",NA,NA,"",NA,"Monhagen Lake","AA","OW","LCI"
"18LHB147","1306MON0598",59059,"1306MON0598_DH",2018-07-11,"12:30 PM","0","5","DISK, SECCHI DISK DEPTH",1.45,"m",NA,NA,"",NA,"Monhagen Lake","AA","DP","LCI"
"18LHB147_SD","1306MON0598",58908,"1306MON0598_DH",2018-07-11,"12:30 PM","","","DISK, SECCHI DISK DEPTH",1.45,"m",NA,NA,"",NA,"Monhagen Lake","AA","SD","LCI"
"18LHB149","1306SHA0491",59060,"1306SHA0491_DH",2018-07-11,"10:30 AM","0","5","DISK, SECCHI DISK DEPTH",1.9,"m",NA,NA,"",NA,"Shawangunk Lake","AA","DP","LCI"
"18LHB149","1306SHA0491",59060,"1306SHA0491_DH",2018-07-11,"10:30 AM","0","5","DISK, SECCHI DISK DEPTH",1.9,"m",NA,NA,"",NA,"Shawangunk Lake","AA","OW","LCI"
"18LHB149_SD","1306SHA0491",58909,"1306SHA0491_DH",2018-07-11,"10:30 AM","","","DISK, SECCHI DISK DEPTH",1.9,"m",NA,NA,"",NA,"Shawangunk Lake","AA","SD","LCI"
"18LHB201","1309BAS0950A",59061,"1309BAS0950A_DH",2018-08-15,"9:25 AM","0","4","DISK, SECCHI DISK DEPTH",1.45,"m",NA,NA,"",NA,"Basic Creek Reservoir","A","OW","LCI"
"18LHB201_SD","1309BAS0950A",58910,"1309BAS0950A_DH",2018-08-15,"9:25 AM","","","DISK, SECCHI DISK DEPTH",1.45,"m",NA,NA,"",NA,"Basic Creek Reservoir","A","SD","LCI"
"18LHB203","1304BEA0345A",59163,"1304BEA0345A_DH",2018-08-14,"8:15 AM",".09","16.53","DISK, SECCHI DISK DEPTH",3.3,"m",NA,NA,"",NA,"Beacon Reservoir","AT","OW","LCI"
"18LHB203_SD","1304BEA0345A",58911,"1304BEA0345A_DH",2018-08-14,"8:15 AM","","","DISK, SECCHI DISK DEPTH",3.3,"m",NA,NA,"",NA,"Beacon Reservoir","AT","SD","LCI"
"18LHB205","1306BIN0735",59138,"1306BIN0735_DH",2018-08-13,"1:42 PM",".05","3.03","DISK, SECCHI DISK DEPTH",1.1,"m",NA,NA,"",NA,"Binnewater Pond","C","OW","LCI"
"18LHB205_SD","1306BIN0735",58912,"1306BIN0735_DH",2018-08-13,"1:42 PM","","","DISK, SECCHI DISK DEPTH",1.1,"m",NA,NA,"",NA,"Binnewater Pond","C","SD","LCI"
"18LHB209","1301CHO0437",59111,"1301CHO0437_DH",2018-08-13,"10:00 AM",".02","4.0199999999999996","DISK, SECCHI DISK DEPTH",1,"m",NA,NA,"",NA,"Chodikee Lake","B","OW","LCI"
"18LHB209_SD","1301CHO0437",58913,"1301CHO0437_DH",2018-08-13,"10:00 AM","","","DISK, SECCHI DISK DEPTH",1,"m",NA,NA,"",NA,"Chodikee Lake","B","SD","LCI"
"18LHB211","1301COX6780",59062,"1301COX6780_DH",2018-08-13,"12:17 PM","0","7.5","DISK, SECCHI DISK DEPTH",2.4,"m",NA,NA,"",NA,"Coxsackie Reservoir","C","OW","LCI"
"18LHB211_SD","1301COX6780",58914,"1301COX6780_DH",2018-08-13,"12:17 PM","","","DISK, SECCHI DISK DEPTH",2.4,"m",NA,NA,"",NA,"Coxsackie Reservoir","C","SD","LCI"
"18LHB213","1301UWB0420B",59139,"1301UWB0420B_DH",2018-08-15,"10:00 AM",".05","3.44","DISK, SECCHI DISK DEPTH",1.64,"m",NA,NA,"",NA,"Fall Kill Pond","B","OW","LCI"
"18LHB213_SD","1301UWB0420B",58915,"1301UWB0420B_DH",2018-08-15,"10:00 AM","","","DISK, SECCHI DISK DEPTH",1.64,"m",NA,NA,"",NA,"Fall Kill Pond","B","SD","LCI"
"18LHB217","1303GOSXXX1",59112,"1303GOSXXX1_DH",2018-08-13,"12:15 PM",".02","8.06","DISK, SECCHI DISK DEPTH",0.4,"m",NA,NA,"",NA,"Goshen Reservoir","","OW","LCI"
"18LHB217_SD","1303GOSXXX1",58916,"1303GOSXXX1_DH",2018-08-13,"12:15 PM","","","DISK, SECCHI DISK DEPTH",0.4,"m",NA,NA,"",NA,"Goshen Reservoir","","SD","LCI"
"18LHB219","1309HOL0913",59063,"1309HOL0913_DH",2018-08-13,"10:24 AM","0","7","DISK, SECCHI DISK DEPTH",1.5,"m",NA,NA,"",NA,"Hollister Lake","A","OW","LCI"
"18LHB219_SD","1309HOL0913",58917,"1309HOL0913_DH",2018-08-13,"10:24 AM","","","DISK, SECCHI DISK DEPTH",1.5,"m",NA,NA,"",NA,"Hollister Lake","A","SD","LCI"
"18LHB221","1310KIN0024",59064,"1310KIN0024_DH",2018-08-13,"8:15 AM","0","9","DISK, SECCHI DISK DEPTH",1.8,"m",NA,NA,"",NA,"Kinderhook Lake","B","OW","LCI"
"18LHB221_SD","1310KIN0024",58918,"1310KIN0024_DH",2018-08-13,"8:15 AM","","","DISK, SECCHI DISK DEPTH",1.8,"m",NA,NA,"",NA,"Kinderhook Lake","B","SD","LCI"
"18LHB223","1306MIL0515",59140,"1306MIL0515_DH",2018-08-13,"3:50 PM",".05","1.51","DISK, SECCHI DISK DEPTH",0.52,"m",NA,NA,"",NA,"Mill Pond","B","OW","LCI"
"18LHB223","1306MIL0515",59140,"1306MIL0515_DH",2018-08-13,"3:50 PM",".05","1.51","DISK, SECCHI DISK DEPTH",1.85,"m",NA,NA,"",NA,"Mill Pond","B","OW","LCI"
"18LHB223_SD","1306MIL0515",58919,"1306MIL0515_DH",2018-08-13,"3:50 PM","","","DISK, SECCHI DISK DEPTH",0.52,"m",NA,NA,"",NA,"Mill Pond","B","SD","LCI"
"18LHB223_SD","1306MIL0515",58919,"1306MIL0515_DH",2018-08-13,"3:50 PM","","","DISK, SECCHI DISK DEPTH",1.85,"m",NA,NA,"",NA,"Mill Pond","B","SD","LCI"
"18LHB225","1301POC0030",59130,"1301POC0030_DH",2018-08-14,"2:40 PM",".04","4.08","DISK, SECCHI DISK DEPTH",1.51,"m",NA,NA,"",NA,"Pocantico Lake","A","OW","LCI"
"18LHB225_SD","1301POC0030",58921,"1301POC0030_DH",2018-08-14,"2:40 PM","","","DISK, SECCHI DISK DEPTH",1.51,"m",NA,NA,"",NA,"Pocantico Lake","A","SD","LCI"
"18LHB227","1301PUD5194",59141,"1301PUD5194_DH",2018-08-14,"11:20 AM",".05","2.5299999999999998","DISK, SECCHI DISK DEPTH",2.8,"m",NA,NA,"",NA,"Pudding Street Pond","C","OW","LCI"
"18LHB227_SD","1301PUD5194",58922,"1301PUD5194_DH",2018-08-14,"11:20 AM","","","DISK, SECCHI DISK DEPTH",2.8,"m",NA,NA,"",NA,"Pudding Street Pond","C","SD","LCI"
"18LHB229","1301REN0336",59065,"1301REN0336_DH",2018-08-15,"1:08 AM","0","6","DISK, SECCHI DISK DEPTH",1.6,"m",NA,NA,"",NA,"Rensselaer Lake","C","OW","LCI"
"18LHB229_SD","1301REN0336",58923,"1301REN0336_DH",2018-08-15,"1:08 AM","","","DISK, SECCHI DISK DEPTH",1.6,"m",NA,NA,"",NA,"Rensselaer Lake","C","SD","LCI"
"18LHB231","1310SUT0052",59142,"1310SUT0052_DH",2018-08-15,"2:10 PM",".05","3.52","DISK, SECCHI DISK DEPTH",0.59,"m",NA,NA,"",NA,"Southerland Pond","C","OW","LCI"
"18LHB231_SD","1310SUT0052",58924,"1310SUT0052_DH",2018-08-15,"2:10 PM","","","DISK, SECCHI DISK DEPTH",0.59,"m",NA,NA,"",NA,"Southerland Pond","C","SD","LCI"
"18LHB235","1305WAP0365",59143,"1305WAP0365_DH",2018-08-15,"8:20 AM",".05","3.49","DISK, SECCHI DISK DEPTH",0.73,"m",NA,NA,"",NA,"Wappinger Lake","B","OW","LCI"
"18LHB235_SD","1305WAP0365",58925,"1305WAP0365_DH",2018-08-15,"8:20 AM","","","DISK, SECCHI DISK DEPTH",0.73,"m",NA,NA,"",NA,"Wappinger Lake","B","SD","LCI"
"18LHB237","1308WILXXX1A",59144,"1308WILXXX1A_DH",2018-08-15,"12:00 PM",".05","2.0099999999999998","DISK, SECCHI DISK DEPTH",1.75,"m",NA,NA,"",NA,"Wilcox Park Pond South","","OW","LCI"
"18LHB237_SD","1308WILXXX1A",58926,"1308WILXXX1A_DH",2018-08-15,"12:00 PM","","","DISK, SECCHI DISK DEPTH",1.75,"m",NA,NA,"",NA,"Wilcox Park Pond South","","SD","LCI"
"18LHB239","1306UWB6107",59157,"1306UWB6107_DH",2018-08-13,"5:30 PM",".070000000000000007","2.02","DISK, SECCHI DISK DEPTH",0.4,"m",NA,NA,"",NA,"Winding Hills Park Lake","","OW","LCI"
"18LHB239_SD","1306UWB6107",58927,"1306UWB6107_DH",2018-08-13,"5:30 PM","","","DISK, SECCHI DISK DEPTH",0.4,"m",NA,NA,"",NA,"Winding Hills Park Lake","","SD","LCI"
"18LHB241","1302CAS0059B",59119,"1302CAS0059B_DH",2018-08-14,"12:55 PM",".03","2.56","DISK, SECCHI DISK DEPTH",0.5,"m",NA,NA,"",NA,"Lake Casse","B","OW","LCI"
"18LHB241_SD","1302CAS0059B",58928,"1302CAS0059B_DH",2018-08-14,"12:55 PM","","","DISK, SECCHI DISK DEPTH",0.5,"m",NA,NA,"",NA,"Lake Casse","B","SD","LCI"
"18LHB243","1301CHA0341A",59067,"1301CHA0341A_DH",2018-08-14,"10:45 AM","0","7","DISK, SECCHI DISK DEPTH",2.1,"m",NA,NA,"",NA,"Chadwick Lake","A","OW","LCI"
"18LHB243_SD","1301CHA0341A",58929,"1301CHA0341A_DH",2018-08-14,"10:45 AM","","","DISK, SECCHI DISK DEPTH",2.1,"m",NA,NA,"",NA,"Chadwick Lake","A","SD","LCI"
"18LHB247","1306MON0598",59069,"1306MON0598_DH",2018-08-08,"12:45 PM","0","6","DISK, SECCHI DISK DEPTH",1.5,"m",NA,NA,"",NA,"Monhagen Lake","AA","OW","LCI"
"18LHB247_SD","1306MON0598",58931,"1306MON0598_DH",2018-08-08,"12:45 PM","","","DISK, SECCHI DISK DEPTH",1.5,"m",NA,NA,"",NA,"Monhagen Lake","AA","SD","LCI"
"18LHB249","1306SHA0491",59070,"1306SHA0491_DH",2018-08-08,"9:45 AM","0","6","DISK, SECCHI DISK DEPTH",2.2,"m",NA,NA,"",NA,"Shawangunk Lake","AA","OW","LCI"
"18LHB249_SD","1306SHA0491",58932,"1306SHA0491_DH",2018-08-08,"9:45 AM","","","DISK, SECCHI DISK DEPTH",2.2,"m",NA,NA,"",NA,"Shawangunk Lake","AA","SD","LCI"
"18LHB251","1306KINXXX1",59071,"1306KINXXX1_DH",2018-08-08,"3:15 PM","0","2","DISK, SECCHI DISK DEPTH",1.1,"m",NA,NA,"",NA,"Kinch Pond","","OW","LCI"
"18LHB251_SD","1306KINXXX1",58933,"1306KINXXX1_DH",2018-08-08,"3:15 PM","","","DISK, SECCHI DISK DEPTH",1.1,"m",NA,NA,"",NA,"Kinch Pond","","SD","LCI"
"18LHB301","1309BAS0950A",59072,"1309BAS0950A_DH",2018-09-12,"8:50 AM","0","3","DISK, SECCHI DISK DEPTH",1.5,"m",NA,NA,"",NA,"Basic Creek Reservoir","A","OW","LCI"
"18LHB301_SD","1309BAS0950A",58934,"1309BAS0950A_DH",2018-09-12,"8:50 AM","","","DISK, SECCHI DISK DEPTH",1.5,"m",NA,NA,"",NA,"Basic Creek Reservoir","A","SD","LCI"
"18LHB303","1304BEA0345A",59177,"1304BEA0345A_DH",2018-09-12,"9:35 AM",".1","15","DISK, SECCHI DISK DEPTH",2.1,"m",NA,NA,"",NA,"Beacon Reservoir","AT","OW","LCI"
"18LHB303_SD","1304BEA0345A",58935,"1304BEA0345A_DH",2018-09-12,"9:35 AM","","","DISK, SECCHI DISK DEPTH",2.1,"m",NA,NA,"",NA,"Beacon Reservoir","AT","SD","LCI"
"18LHB305","1306BIN0735",59073,"1306BIN0735_DH",2018-09-11,"1:00 PM","0","3.5","DISK, SECCHI DISK DEPTH",1.1,"m",NA,NA,"",NA,"Binnewater Pond","C","OW","LCI"
"18LHB305_SD","1306BIN0735",58936,"1306BIN0735_DH",2018-09-11,"1:00 PM","","","DISK, SECCHI DISK DEPTH",1.1,"m",NA,NA,"",NA,"Binnewater Pond","C","SD","LCI"
"18LHB309","1301CHO0437",59074,"1301CHO0437_DH",2018-09-11,"9:30 AM","0","4","DISK, SECCHI DISK DEPTH",1.1,"m",NA,NA,"",NA,"Chodikee Lake","B","OW","LCI"
"18LHB309_SD","1301CHO0437",58937,"1301CHO0437_DH",2018-09-11,"9:30 AM","","","DISK, SECCHI DISK DEPTH",1.1,"m",NA,NA,"",NA,"Chodikee Lake","B","SD","LCI"
"18LHB311","1301COX6780",59075,"1301COX6780_DH",2018-09-11,"2:00 PM","0","7.25","DISK, SECCHI DISK DEPTH",0.9,"m",NA,NA,"",NA,"Coxsackie Reservoir","C","OW","LCI"
"18LHB311_SD","1301COX6780",58938,"1301COX6780_DH",2018-09-11,"2:00 PM","","","DISK, SECCHI DISK DEPTH",0.9,"m",NA,NA,"",NA,"Coxsackie Reservoir","C","SD","LCI"
"18LHB313","1301UWB0420B",59178,"1301UWB0420B_DH",2018-09-13,"8:54 AM",".1","3.5","DISK, SECCHI DISK DEPTH",2.01,"m",NA,NA,"",NA,"Fall Kill Pond","B","OW","LCI"
"18LHB313_SD","1301UWB0420B",58939,"1301UWB0420B_DH",2018-09-13,"8:54 AM","","","DISK, SECCHI DISK DEPTH",2.01,"m",NA,NA,"",NA,"Fall Kill Pond","B","SD","LCI"
"18LHB317","1303GOSXXX1",59076,"1303GOSXXX1_DH",2018-09-11,"11:20 AM","0","8","DISK, SECCHI DISK DEPTH",0.8,"m",NA,NA,"",NA,"Goshen Reservoir","","OW","LCI"
"18LHB317_SD","1303GOSXXX1",58940,"1303GOSXXX1_DH",2018-09-11,"11:20 AM","","","DISK, SECCHI DISK DEPTH",0.8,"m",NA,NA,"",NA,"Goshen Reservoir","","SD","LCI"
"18LHB319","1309HOL0913",59077,"1309HOL0913_DH",2018-09-11,"11:45 AM","0","6.75","DISK, SECCHI DISK DEPTH",2.1,"m",NA,NA,"",NA,"Hollister Lake","A","OW","LCI"
"18LHB319_SD","1309HOL0913",58941,"1309HOL0913_DH",2018-09-11,"11:45 AM","","","DISK, SECCHI DISK DEPTH",2.1,"m",NA,NA,"",NA,"Hollister Lake","A","SD","LCI"
"18LHB321","1310KIN0024",59078,"1310KIN0024_DH",2018-09-11,"9:12 AM","0","9","DISK, SECCHI DISK DEPTH",1.1,"m",NA,NA,"",NA,"Kinderhook Lake","B","OW","LCI"
"18LHB321_SD","1310KIN0024",58942,"1310KIN0024_DH",2018-09-11,"9:12 AM","","","DISK, SECCHI DISK DEPTH",1.1,"m",NA,NA,"",NA,"Kinderhook Lake","B","SD","LCI"
"18LHB323","1306MIL0515",59179,"1306MIL0515_DH",2018-09-11,"2:15 PM",".1","2","DISK, SECCHI DISK DEPTH",1.8,"m",NA,NA,"",NA,"Mill Pond","B","OW","LCI"
"18LHB323_SD","1306MIL0515",58943,"1306MIL0515_DH",2018-09-11,"2:15 PM","","","DISK, SECCHI DISK DEPTH",1.8,"m",NA,NA,"",NA,"Mill Pond","B","SD","LCI"
"18LHB325","1301POC0030",59079,"1301POC0030_DH",2018-09-12,"1:41 PM","0","4","DISK, SECCHI DISK DEPTH",1.29,"m",NA,NA,"",NA,"Pocantico Lake","A","OW","LCI"
"18LHB325_SD","1301POC0030",58944,"1301POC0030_DH",2018-09-12,"1:41 PM","","","DISK, SECCHI DISK DEPTH",1.29,"m",NA,NA,"",NA,"Pocantico Lake","A","SD","LCI"
"18LHB327","1301PUD5194",59080,"1301PUD5194_DH",2018-09-12,"10:25 AM","0","2","DISK, SECCHI DISK DEPTH",1.29,"m",NA,NA,"",NA,"Pudding Street Pond","C","OW","LCI"
"18LHB327_SD","1301PUD5194",58945,"1301PUD5194_DH",2018-09-12,"10:25 AM","","","DISK, SECCHI DISK DEPTH",1.29,"m",NA,NA,"",NA,"Pudding Street Pond","C","SD","LCI"
"18LHB329","1301REN0336",59081,"1301REN0336_DH",2018-09-12,"1:19 PM","0","6.5","DISK, SECCHI DISK DEPTH",1.9,"m",NA,NA,"",NA,"Rensselaer Lake","C","OW","LCI"
"18LHB329_SD","1301REN0336",58946,"1301REN0336_DH",2018-09-12,"1:19 PM","","","DISK, SECCHI DISK DEPTH",1.9,"m",NA,NA,"",NA,"Rensselaer Lake","C","SD","LCI"
"18LHB331","1310SUT0052",59180,"1310SUT0052_DH",2018-09-13,"12:15 PM",".1","3.8","DISK, SECCHI DISK DEPTH",0.5,"m",NA,NA,"",NA,"Southerland Pond","C","OW","LCI"
"18LHB331_SD","1310SUT0052",58947,"1310SUT0052_DH",2018-09-13,"12:15 PM","","","DISK, SECCHI DISK DEPTH",0.5,"m",NA,NA,"",NA,"Southerland Pond","C","SD","LCI"
"18LHB333","1101TRO0459",59196,"1101TRO0459_DH",2018-09-12,"10:55 AM","","","DISK, SECCHI DISK DEPTH",1.6,"m",NA,NA,"",NA,"Troy Reservoir","C","OW","LCI"
"18LHB333_SD","1101TRO0459",58948,"1101TRO0459_DH",2018-09-12,"10:55 AM","","","DISK, SECCHI DISK DEPTH",1.6,"m",NA,NA,"",NA,"Troy Reservoir","C","SD","LCI"
"18LHB335","1305WAP0365",59082,"1305WAP0365_DH",2018-09-13,"7:40 AM","0","4","DISK, SECCHI DISK DEPTH",0.27,"m",NA,NA,"",NA,"Wappinger Lake","B","DP","LCI"
"18LHB335","1305WAP0365",59082,"1305WAP0365_DH",2018-09-13,"7:40 AM","0","4","DISK, SECCHI DISK DEPTH",0.27,"m",NA,NA,"",NA,"Wappinger Lake","B","OW","LCI"
"18LHB335_SD","1305WAP0365",58949,"1305WAP0365_DH",2018-09-13,"7:40 AM","","","DISK, SECCHI DISK DEPTH",0.27,"m",NA,NA,"",NA,"Wappinger Lake","B","SD","LCI"
"18LHB337","1308WILXXX1A",59181,"1308WILXXX1A_DH",2018-09-13,"10:40 AM",".1","2.1","DISK, SECCHI DISK DEPTH",1.21,"m",NA,NA,"",NA,"Wilcox Park Pond South","","OW","LCI"
"18LHB337_SD","1308WILXXX1A",58950,"1308WILXXX1A_DH",2018-09-13,"10:40 AM","","","DISK, SECCHI DISK DEPTH",1.21,"m",NA,NA,"",NA,"Wilcox Park Pond South","","SD","LCI"
"18LHB339","1306UWB6107",59182,"1306UWB6107_DH",2018-09-11,"4:00 PM",".1","2","DISK, SECCHI DISK DEPTH",0.2,"m",NA,NA,"",NA,"Winding Hills Park Lake","","OW","LCI"
"18LHB339_SD","1306UWB6107",58951,"1306UWB6107_DH",2018-09-11,"4:00 PM","","","DISK, SECCHI DISK DEPTH",0.2,"m",NA,NA,"",NA,"Winding Hills Park Lake","","SD","LCI"
"18LHB341","1302CAS0059B",59083,"1302CAS0059B_DH",2018-09-12,"11:50 AM","0","2.5","DISK, SECCHI DISK DEPTH",0.45,"m",NA,NA,"",NA,"Lake Casse","B","OW","LCI"
"18LHB341_SD","1302CAS0059B",58952,"1302CAS0059B_DH",2018-09-12,"11:50 AM","","","DISK, SECCHI DISK DEPTH",0.45,"m",NA,NA,"",NA,"Lake Casse","B","SD","LCI"
"18LHB343","1301CHA0341A",59084,"1301CHA0341A_DH",2018-09-04,"1:30 PM","0","8","DISK, SECCHI DISK DEPTH",2.15,"m",NA,NA,"",NA,"Chadwick Lake","A","OW","LCI"
"18LHB343","1301CHA0341A",59084,"1301CHA0341A_DH",2018-09-04,"1:30 PM","0","8","DISK, SECCHI DISK DEPTH",2.15,"m",NA,NA,"",NA,"Chadwick Lake","A","DP","LCI"
"18LHB343_SD","1301CHA0341A",58953,"1301CHA0341A_DH",2018-09-04,"1:30 PM","","","DISK, SECCHI DISK DEPTH",2.15,"m",NA,NA,"",NA,"Chadwick Lake","A","SD","LCI"
"18LHB345","1306HIG0492",59085,"1306HIG0492_DH",2018-09-04,"10:05 AM","0","5","DISK, SECCHI DISK DEPTH",1.45,"m",NA,NA,"",NA,"Highland Lake","AA","DP","LCI"
"18LHB345","1306HIG0492",59085,"1306HIG0492_DH",2018-09-04,"10:05 AM","0","5","DISK, SECCHI DISK DEPTH",1.45,"m",NA,NA,"",NA,"Highland Lake","AA","OW","LCI"
"18LHB345_SD","1306HIG0493",58954,"1306HIG0493_DH",2018-09-04,"10:05 AM","","","DISK, SECCHI DISK DEPTH",1.45,"m",NA,NA,"",NA,NA,NA,"SD","LCI"
"18LHB347","1306MON0598",59086,"1306MON0598_DH",2018-09-04,"11:05 AM","0","5","DISK, SECCHI DISK DEPTH",1.25,"m",NA,NA,"",NA,"Monhagen Lake","AA","DP","LCI"
"18LHB347","1306MON0598",59086,"1306MON0598_DH",2018-09-04,"11:05 AM","0","5","DISK, SECCHI DISK DEPTH",1.25,"m",NA,NA,"",NA,"Monhagen Lake","AA","OW","LCI"
"18LHB347_SD","1306MON0598",58955,"1306MON0598_DH",2018-09-04,"11:05 AM","","","DISK, SECCHI DISK DEPTH",1.25,"m",NA,NA,"",NA,"Monhagen Lake","AA","SD","LCI"
"18LHB349","1306SHA0491",59087,"1306SHA0491_DH",2018-09-04,"9:10 AM","0","6","DISK, SECCHI DISK DEPTH",2.3,"m",NA,NA,"",NA,"Shawangunk Lake","AA","DP","LCI"
"18LHB349","1306SHA0491",59087,"1306SHA0491_DH",2018-09-04,"9:10 AM","0","6","DISK, SECCHI DISK DEPTH",2.3,"m",NA,NA,"",NA,"Shawangunk Lake","AA","OW","LCI"
"18LHB349_SD","1306SHA0491",58956,"1306SHA0491_DH",2018-09-04,"9:10 AM","","","DISK, SECCHI DISK DEPTH",2.3,"m",NA,NA,"",NA,"Shawangunk Lake","AA","SD","LCI"
"18LIS001","1702ALLXXX1",59088,"1702ALLXXX1_DH",2018-07-25,"2:37 PM","0",".5","DISK, SECCHI DISK DEPTH",0.4,"m",NA,NA,"",NA,"Allison Pond","B","OW","LCI"
"18LIS001_SD","1702ALLXXX1",58957,"1702ALLXXX1_DH",2018-07-25,"2:37 PM","","","DISK, SECCHI DISK DEPTH",0.4,"m",NA,NA,"",NA,"Allison Pond","B","SD","LCI"
"18LIS003","1701AVO0961",59158,"1701AVO0961_DH",2018-08-06,"12:10 PM",".070000000000000007","4.4800000000000004","DISK, SECCHI DISK DEPTH",1.75,"m",NA,NA,"",NA,"Avon Lake","CT","OW","LCI"
"18LIS003_SD","1701AVO0961",58958,"1701AVO0961_DH",2018-08-06,"12:10 PM","","","DISK, SECCHI DISK DEPTH",1.75,"m",NA,NA,"",NA,"Avon Lake","CT","SD","LCI"
"18LIS005","1702UWB5331",59089,"1702UWB5331_DH",2018-07-24,"10:40 AM","0",".5","DISK, SECCHI DISK DEPTH",0.25,"m",NA,NA,"",NA,"Bowne Pond","","OW","LCI"
"18LIS005_SD","1702UWB5331",58959,"1702UWB5331_DH",2018-07-24,"10:40 AM","","","DISK, SECCHI DISK DEPTH",0.25,"m",NA,NA,"",NA,"Bowne Pond","","SD","LCI"
"18LIS009","1702BRY1106",59187,"1702BRY1106_DH",2018-07-31,"9:55 AM",".12","10.91","DISK, SECCHI DISK DEPTH",3.85,"m",NA,NA,"",NA,"Bryam Lake Reservoir","AA","OW","LCI"
"18LIS009_SD","1702BRY1106",58960,"1702BRY1106_DH",2018-07-31,"9:55 AM","","","DISK, SECCHI DISK DEPTH",3.85,"m",NA,NA,"",NA,"Bryam Lake Reservoir","AA","SD","LCI"
"18LIS013","1702CLO1074",59090,"1702CLO1074_DH",2018-07-25,"9:14 AM","0","1","DISK, SECCHI DISK DEPTH",0.35,"m",NA,NA,"",NA,"Clove Lake","B","OW","LCI"
"18LIS013_SD","1702CLO1074",58961,"1702CLO1074_DH",2018-07-25,"9:14 AM","","","DISK, SECCHI DISK DEPTH",0.35,"m",NA,NA,"",NA,"Clove Lake","B","SD","LCI"
"18LIS017","1701DON0565A",59145,"1701DON0565A_DH",2018-08-07,"3:29 PM",".05",".9","DISK, SECCHI DISK DEPTH",0.25,"m",NA,NA,"",NA,"Donahues Pond","B","OW","LCI"
"18LIS017_SD","1701DON0565A",58962,"1701DON0565A_DH",2018-08-07,"3:29 PM","","","DISK, SECCHI DISK DEPTH",0.25,"m",NA,NA,"",NA,"Donahues Pond","B","SD","LCI"
"18LIS019","1702GLE1070",59151,"1702GLE1070_DH",2018-08-01,"11:20 AM",".06","4.5199999999999996","DISK, SECCHI DISK DEPTH",0.65,"m",NA,NA,"",NA,"Glenwood Lake","C","OW","LCI"
"18LIS019_SD","1702GLE1070",58963,"1702GLE1070_DH",2018-08-01,"11:20 AM","","","DISK, SECCHI DISK DEPTH",0.65,"m",NA,NA,"",NA,"Glenwood Lake","C","SD","LCI"
"18LIS021","1702UWB0105",59091,"1702UWB0105_DH",2018-07-24,"12:02 PM","0",".5","DISK, SECCHI DISK DEPTH",0.3,"m",NA,NA,"",NA,"Golden Pond","B","OW","LCI"
"18LIS021_SD","1702UWB0105",58964,"1702UWB0105_DH",2018-07-24,"12:02 PM","","","DISK, SECCHI DISK DEPTH",0.3,"m",NA,NA,"",NA,"Golden Pond","B","SD","LCI"
"18LIS023","1702IND5821",59113,"1702IND5821_DH",2018-08-01,"8:48 AM",".02",".8","DISK, SECCHI DISK DEPTH",0.3,"m",NA,NA,"",NA,"Indian Pond","B","OW","LCI"
"18LIS023_SD","1702IND5821",58965,"1702IND5821_DH",2018-08-01,"8:48 AM","","","DISK, SECCHI DISK DEPTH",0.3,"m",NA,NA,"",NA,"Indian Pond","B","SD","LCI"
"18LIS025","1702KIS0076",59092,"1702KIS0076_DH",2018-07-24,"3:00 PM","0","1.5","DISK, SECCHI DISK DEPTH",0.25,"m",NA,NA,"",NA,"Kissena Lake","B","OW","LCI"
"18LIS025_SD","1702KIS0076",58966,"1702KIS0076_DH",2018-07-24,"3:00 PM","","","DISK, SECCHI DISK DEPTH",0.25,"m",NA,NA,"",NA,"Kissena Lake","B","SD","LCI"
"18LIS027","1701MAI0907",59131,"1701MAI0907_DH",2018-08-08,"8:48 AM",".04",".81","DISK, SECCHI DISK DEPTH",0.8,"m",NA,NA,"",NA,"Main Pond","CT","OW","LCI"
"18LIS027_SD","1701MAI0907",58967,"1701MAI0907_DH",2018-08-08,"8:48 AM","","","DISK, SECCHI DISK DEPTH",0.8,"m",NA,NA,"",NA,"Main Pond","CT","SD","LCI"
"18LIS033","1301MORXXX1",59093,"1301MORXXX1_DH",2018-07-26,"12:34 PM","0","1","DISK, SECCHI DISK DEPTH",0.1,"m",NA,NA,"",NA,"Morningside Pond","","OW","LCI"
"18LIS033_SD","1301MORXXX1",58968,"1301MORXXX1_DH",2018-07-26,"12:34 PM","","","DISK, SECCHI DISK DEPTH",0.1,"m",NA,NA,"",NA,"Morningside Pond","","SD","LCI"
"18LIS035","1702OAK0107",59094,"1702OAK0107_DH",2018-07-24,"12:58 PM","0","2.5","DISK, SECCHI DISK DEPTH",1.7,"m",NA,NA,"",NA,"Oakland Lake","B","OW","LCI"
"18LIS035_SD","1702OAK0107",58969,"1702OAK0107_DH",2018-07-24,"12:58 PM","","","DISK, SECCHI DISK DEPTH",1.7,"m",NA,NA,"",NA,"Oakland Lake","B","SD","LCI"
"18LIS037","1702OHR1069B",59095,"1702OHR1069B_DH",2018-07-25,"10:45 AM","0","3","DISK, SECCHI DISK DEPTH",2.55,"m",NA,NA,"",NA,"Ohrbach Lake","B","OW","LCI"
"18LIS037_SD","1702OHR1069B",58970,"1702OHR1069B_DH",2018-07-25,"10:45 AM","","","DISK, SECCHI DISK DEPTH",2.55,"m",NA,NA,"",NA,"Ohrbach Lake","B","SD","LCI"
"18LIS039","1701PECXXX1",59114,"1701PECXXX1_DH",2018-08-07,"1:45 PM",".02","1.02","DISK, SECCHI DISK DEPTH",1,"m",NA,NA,"",NA,"Peconic River","","OW","LCI"
"18LIS039_SD","1701PECXXX1",58971,"1701PECXXX1_DH",2018-08-07,"1:45 PM","","","DISK, SECCHI DISK DEPTH",1,"m",NA,NA,"",NA,"Peconic River","","SD","LCI"
"18LIS041","1702PEL1072",59146,"1702PEL1072_DH",2018-08-01,"1:16 AM",".05","1.73","DISK, SECCHI DISK DEPTH",1,"m",NA,NA,"",NA,"Pelham Lake","B","OW","LCI"
"18LIS041_SD","1702PEL1072",58972,"1702PEL1072_DH",2018-08-01,"1:16 AM","","","DISK, SECCHI DISK DEPTH",1,"m",NA,NA,"",NA,"Pelham Lake","B","SD","LCI"
"18LIS045","1702UWB0340A",59115,"1702UWB0340A_DH",2018-08-08,"11:57 AM",".02","1.45","DISK, SECCHI DISK DEPTH",1.4,"m",NA,NA,"",NA,"Setauket Mill Pond","C","OW","LCI"
"18LIS045_SD","1702UWB0340A",58973,"1702UWB0340A_DH",2018-08-08,"11:57 AM","","","DISK, SECCHI DISK DEPTH",1.4,"m",NA,NA,"",NA,"Setauket Mill Pond","C","SD","LCI"
"18LIS047","1702SHE1087",59147,"1702SHE1087_DH",2018-07-31,"12:25 PM",".05","3.52","DISK, SECCHI DISK DEPTH",0.4,"m",NA,NA,"",NA,"Sheldrake Lake","A","OW","LCI"
"18LIS047_SD","1702SHE1087",58974,"1702SHE1087_DH",2018-07-31,"12:25 PM","","","DISK, SECCHI DISK DEPTH",0.4,"m",NA,NA,"",NA,"Sheldrake Lake","A","SD","LCI"
"18LIS053","1301THE1027",59096,"1301THE1027_DH",2018-07-26,"9:34 AM","0","1.5","DISK, SECCHI DISK DEPTH",0.6,"m",NA,NA,"",NA,"The Pond in Central Park","B","OW","LCI"
"18LIS053_SD","1301THE1027",58975,"1301THE1027_DH",2018-07-26,"9:34 AM","","","DISK, SECCHI DISK DEPTH",0.6,"m",NA,NA,"",NA,"The Pond in Central Park","B","SD","LCI"
"18LIS055","1301THE1034",59097,"1301THE1034_DH",2018-07-26,"11:42 AM","0","1","DISK, SECCHI DISK DEPTH",0.5,"m",NA,NA,"",NA,"The Pool","B","OW","LCI"
"18LIS055_SD","1301THE1034",58976,"1301THE1034_DH",2018-07-26,"11:42 AM","","","DISK, SECCHI DISK DEPTH",0.5,"m",NA,NA,"",NA,"The Pool","B","SD","LCI"
"18LIS057","1301UWB1031",59098,"1301UWB1031_DH",2018-07-26,"10:31 AM","0","2.5","DISK, SECCHI DISK DEPTH",1,"m",NA,NA,"",NA,"Turtle Pond","B","OW","LCI"
"18LIS057_SD","1301UWB1031",58977,"1301UWB1031_DH",2018-07-26,"10:31 AM","","","DISK, SECCHI DISK DEPTH",1,"m",NA,NA,"",NA,"Turtle Pond","B","SD","LCI"
"18LIS059","1702WIL1063A",59099,"1702WIL1063A_DH",2018-07-25,"12:17 PM","0",".5","DISK, SECCHI DISK DEPTH",0.3,"m",NA,NA,"",NA,"Willowbrook Pond","SD /*","OW","LCI"
"18LIS059_SD","1702WIL1063A",58978,"1702WIL1063A_DH",2018-07-25,"12:17 PM","","","DISK, SECCHI DISK DEPTH",0.3,"m",NA,NA,"",NA,"Willowbrook Pond","SD /*","SD","LCI"
"18LIS061","1701LOW0855",59152,"1701LOW0855_DH",2018-08-08,"10:07 AM",".06","1.05","DISK, SECCHI DISK DEPTH",1.3,"m",NA,NA,"",NA,"Lower Lake","C(T)","OW","LCI"
"18LIS061_SD","1701LOW0855",58979,"1701LOW0855_DH",2018-08-08,"10:07 AM","","","DISK, SECCHI DISK DEPTH",1.3,"m",NA,NA,"",NA,"Lower Lake","C(T)","SD","LCI"
"18LIS063","1701GRE0885",59132,"1701GRE0885_DH",2018-08-06,"2:47 PM",".04","1.5","DISK, SECCHI DISK DEPTH",1.53,"m",NA,NA,"",NA,"Great Patchogue Lake","B","OW","LCI"
"18LIS063_SD","1701GRE0885",58980,"1701GRE0885_DH",2018-08-06,"2:47 PM","","","DISK, SECCHI DISK DEPTH",1.53,"m",NA,NA,"",NA,"Great Patchogue Lake","B","SD","LCI"
"18LIS066_SD","1701LAU0496",58981,"1701LAU0496_DH",2018-08-07,"9:46 AM","","","DISK, SECCHI DISK DEPTH",1.42,"m",NA,NA,"",NA,"Laurel Lake","A(T)","SD","LCI"
"18LIS067","1701MAR0495",59159,"1701MAR0495_DH",2018-08-07,"8:16 AM",".070000000000000007","4.51","DISK, SECCHI DISK DEPTH",1.05,"m",NA,NA,"",NA,"Maratooka Lake","A","OW","LCI"
"18LIS067_SD","1701MAR0495",58982,"1701MAR0495_DH",2018-08-07,"8:16 AM","","","DISK, SECCHI DISK DEPTH",1.05,"m",NA,NA,"",NA,"Maratooka Lake","A","SD","LCI"
"18LIS069","1701PEC0555",59120,"1701PEC0555_DH",2018-08-07,"12:20 PM",".03","1.38","DISK, SECCHI DISK DEPTH",1.03,"m",NA,NA,"",NA,"Peconic Lake","B","DP","LCI"
"18LIS069","1701PEC0555",59120,"1701PEC0555_DH",2018-08-07,"12:20 PM",".03","1.38","DISK, SECCHI DISK DEPTH",1.03,"m",NA,NA,"",NA,"Peconic Lake","B","OW","LCI"
"18LIS069_SD","1701PEC0555",58983,"1701PEC0555_DH",2018-08-07,"12:20 PM","","","DISK, SECCHI DISK DEPTH",1.03,"m",NA,NA,"",NA,"Peconic Lake","B","SD","LCI"
"18LIS071","1702PAI1082",59148,"1702PAI1082_DH",2018-07-31,"1:45 PM",".05",".82","DISK, SECCHI DISK DEPTH",0.8,"m",NA,NA,"",NA,"Paine Lake","C","OW","LCI"
"18LIS071_SD","1702PAI1082",58984,"1702PAI1082_DH",2018-07-31,"1:45 PM","","","DISK, SECCHI DISK DEPTH",0.8,"m",NA,NA,"",NA,"Paine Lake","C","SD","LCI"
"18LIS073","1701REE0763",59100,"1701REE0763_DH",2018-09-11,"1:24 AM","0","1.5","DISK, SECCHI DISK DEPTH",0.45,"m",NA,NA,"",NA,"Big Reed Pond","B","OW","LCI"
"18LIS073_SD","1701REE0763",58985,"1701REE0763_DH",2018-09-11,"1:24 AM","","","DISK, SECCHI DISK DEPTH",0.45,"m",NA,NA,"",NA,"Big Reed Pond","B","SD","LCI"
"18LIS075","1701FRE0753",59101,"1701FRE0753_DH",2018-09-11,"3:30 PM","0","3","DISK, SECCHI DISK DEPTH",1.6,"m",NA,NA,"",NA,"Fresh Pond (Hither Hills SP)","C","OW","LCI"
"18LIS075_SD","1701FRE0753",58986,"1701FRE0753_DH",2018-09-11,"3:30 PM","","","DISK, SECCHI DISK DEPTH",1.6,"m",NA,NA,"",NA,"Fresh Pond (Hither Hills SP)","C","SD","LCI"
"18SRB001","0601ARN0362",59188,"0601ARN0362_DH",2018-07-30,"1:15 PM",".12","16.53","DISK, SECCHI DISK DEPTH",4.9,"m",NA,NA,"",NA,"Arnold Lake","BT","OW","LCI"
"18SRB001_SD","0601ARN0362",58987,"0601ARN0362_DH",2018-07-30,"1:15 PM","","","DISK, SECCHI DISK DEPTH",4.9,"m",NA,NA,"",NA,"Arnold Lake","BT","SD","LCI"
"18SRB003","0601GIL0287",59153,"0601GIL0287_DH",2018-07-30,"3:05 PM",".06","7.94","DISK, SECCHI DISK DEPTH",4.25,"m",NA,NA,"",NA,"Gilbert Lake","AAT","OW","LCI"
"18SRB003_SD","0601GIL0287",58988,"0601GIL0287_DH",2018-07-30,"3:05 PM","","","DISK, SECCHI DISK DEPTH",4.25,"m",NA,NA,"",NA,"Gilbert Lake","AAT","SD","LCI"
"18SRB005","0601GOE0378",59121,"0601GOE0378_DH",2018-07-30,"11:20 AM",".03","14.03","DISK, SECCHI DISK DEPTH",7.6,"m",NA,NA,"",NA,"Goey Pond","AA","OW","LCI"
"18SRB005","0601GOE0378",59121,"0601GOE0378_DH",2018-07-30,"11:20 AM",".03","14.03","DISK, SECCHI DISK DEPTH",7.6,"m",NA,NA,"",NA,"Goey Pond","AA","DP","LCI"
"18SRB005_SD","0601GOE0378",58989,"0601GOE0378_DH",2018-07-30,"11:20 AM","","","DISK, SECCHI DISK DEPTH",7.6,"m",NA,NA,"",NA,"Goey Pond","AA","SD","LCI"
"18SRB009","0603GREXXX1",59102,"0603GREXXX1_DH",2018-09-05,"4:00 PM","0","4","DISK, SECCHI DISK DEPTH",0.9,"m",NA,NA,"",NA,"Greenwood Park Lake

","","OW","LCI"
"18SRB009_SD","0603GREXXX1",58990,"0603GREXXX1_DH",2018-09-05,"4:00 PM","","","DISK, SECCHI DISK DEPTH",0.9,"m",NA,NA,"",NA,"Greenwood Park Lake

","","SD","LCI"
"18SRB011","0602GLO0040",59183,"0602GLO0040_DH",2018-09-06,"8:25 AM",".1","5","DISK, SECCHI DISK DEPTH",2.3,"m",NA,NA,"",NA,"Glover Pond","C","OW","LCI"
"18SRB011_SD","0602GLO0040",58991,"0602GLO0040_DH",2018-09-06,"8:25 AM","","","DISK, SECCHI DISK DEPTH",2.3,"m",NA,NA,"",NA,"Glover Pond","C","SD","LCI"
"18SRB017","0602ROU0082",59103,"0602ROU0082_DH",2018-09-06,"11:10 AM","0","4.8","DISK, SECCHI DISK DEPTH",1.6,"m",NA,NA,"",NA,"Round Pond","C","DP","LCI"
"18SRB017","0602ROU0082",59103,"0602ROU0082_DH",2018-09-06,"11:10 AM","0","4.8","DISK, SECCHI DISK DEPTH",1.6,"m",NA,NA,"",NA,"Round Pond","C","OW","LCI"
"18SRB017_SD","0602ROU0082",58992,"0602ROU0082_DH",2018-09-06,"11:10 AM","","","DISK, SECCHI DISK DEPTH",1.6,"m",NA,NA,"",NA,"Round Pond","C","SD","LCI"
"18SRB019","0602SHA5677",59104,"0602SHA5677_DH",2018-09-17,"11:00 AM","0","2.5","DISK, SECCHI DISK DEPTH",1.4,"m",NA,NA,"",NA,"Shackham Pond","CTS","OW","LCI"
"18SRB019_SD","0602SHA5677",58993,"0602SHA5677_DH",2018-09-17,"11:00 AM","","","DISK, SECCHI DISK DEPTH",1.4,"m",NA,NA,"",NA,"Shackham Pond","CTS","SD","LCI"
"18SRB021","0602SPR0050A",59105,"0602SPR0050A_DH",2018-09-17,"12:15 PM","0","1.5","DISK, SECCHI DISK DEPTH",0.35,"m",NA,NA,"",NA,"Spruce Pond","","OW","LCI"
"18SRB021_SD","0602SPR0050A",58994,"0602SPR0050A_DH",2018-09-17,"12:15 PM","","","DISK, SECCHI DISK DEPTH",0.35,"m",NA,NA,"",NA,"Spruce Pond","","SD","LCI"
"18SRB023","0602WHA5659",59184,"0602WHA5659_DH",2018-09-06,"9:52 AM",".1","3.7","DISK, SECCHI DISK DEPTH",1.2,"m",NA,NA,"",NA,"Whaley Pond","C","OW","LCI"
"18SRB023_SD","0602WHA5659",58995,"0602WHA5659_DH",2018-09-06,"9:52 AM","","","DISK, SECCHI DISK DEPTH",1.2,"m",NA,NA,"",NA,"Whaley Pond","C","SD","LCI"
